ID;model_type;d_model;dim_ff;num_of_layers;nhead;sequence_size;input_size;output_size;input_id;step_size;dropout
1310;Transformer;16;32;2;2;80;12;1;2;5;0.1
1311;Transformer;16;48;2;2;80;12;1;2;5;0.1
1312;Transformer;16;64;2;2;80;12;1;2;5;0.1
1313;Transformer;32;64;2;2;80;12;1;2;5;0.1
1314;Transformer;32;96;2;2;80;12;1;2;5;0.1
1315;Transformer;32;128;2;2;80;12;1;2;5;0.1
1316;Transformer;64;128;2;2;80;12;1;2;5;0.1
1317;Transformer;64;192;2;2;80;12;1;2;5;0.1
1318;Transformer;64;256;2;2;80;12;1;2;5;0.1
1319;Transformer;16;32;3;2;80;12;1;2;5;0.1
1320;Transformer;16;48;3;2;80;12;1;2;5;0.1
1321;Transformer;16;64;3;2;80;12;1;2;5;0.1
1322;Transformer;32;64;3;2;80;12;1;2;5;0.1
1323;Transformer;32;96;3;2;80;12;1;2;5;0.1
1324;Transformer;32;128;3;2;80;12;1;2;5;0.1
1325;Transformer;64;128;3;2;80;12;1;2;5;0.1
1326;Transformer;64;192;3;2;80;12;1;2;5;0.1
1327;Transformer;64;256;3;2;80;12;1;2;5;0.1
1328;Transformer;16;32;4;2;80;12;1;2;5;0.1
1329;Transformer;16;48;4;2;80;12;1;2;5;0.1
1330;Transformer;16;64;4;2;80;12;1;2;5;0.1
1331;Transformer;32;64;4;2;80;12;1;2;5;0.1
1332;Transformer;32;96;4;2;80;12;1;2;5;0.1
1333;Transformer;32;128;4;2;80;12;1;2;5;0.1
1334;Transformer;64;128;4;2;80;12;1;2;5;0.1
1335;Transformer;64;192;4;2;80;12;1;2;5;0.1
1336;Transformer;64;256;4;2;80;12;1;2;5;0.1
1337;Transformer;16;32;2;4;80;12;1;2;5;0.1
1338;Transformer;16;48;2;4;80;12;1;2;5;0.1
1339;Transformer;16;64;2;4;80;12;1;2;5;0.1
1340;Transformer;32;64;2;4;80;12;1;2;5;0.1
1341;Transformer;32;96;2;4;80;12;1;2;5;0.1
1342;Transformer;32;128;2;4;80;12;1;2;5;0.1
1343;Transformer;64;128;2;4;80;12;1;2;5;0.1
1344;Transformer;64;192;2;4;80;12;1;2;5;0.1
1345;Transformer;64;256;2;4;80;12;1;2;5;0.1
1346;Transformer;16;32;3;4;80;12;1;2;5;0.1
1347;Transformer;16;48;3;4;80;12;1;2;5;0.1
1348;Transformer;16;64;3;4;80;12;1;2;5;0.1
1349;Transformer;32;64;3;4;80;12;1;2;5;0.1
1350;Transformer;32;96;3;4;80;12;1;2;5;0.1
1351;Transformer;32;128;3;4;80;12;1;2;5;0.1
1352;Transformer;64;128;3;4;80;12;1;2;5;0.1
1353;Transformer;64;192;3;4;80;12;1;2;5;0.1
1354;Transformer;64;256;3;4;80;12;1;2;5;0.1
1355;Transformer;16;32;4;4;80;12;1;2;5;0.1
1356;Transformer;16;48;4;4;80;12;1;2;5;0.1
1357;Transformer;16;64;4;4;80;12;1;2;5;0.1
1358;Transformer;32;64;4;4;80;12;1;2;5;0.1
1359;Transformer;32;96;4;4;80;12;1;2;5;0.1
1360;Transformer;32;128;4;4;80;12;1;2;5;0.1
1361;Transformer;64;128;4;4;80;12;1;2;5;0.1
1362;Transformer;64;192;4;4;80;12;1;2;5;0.1
1363;Transformer;64;256;4;4;80;12;1;2;5;0.1
1364;Transformer;16;32;2;8;80;12;1;2;5;0.1
1365;Transformer;16;48;2;8;80;12;1;2;5;0.1
1366;Transformer;16;64;2;8;80;12;1;2;5;0.1
1367;Transformer;32;64;2;8;80;12;1;2;5;0.1
1368;Transformer;32;96;2;8;80;12;1;2;5;0.1
1369;Transformer;32;128;2;8;80;12;1;2;5;0.1
1370;Transformer;64;128;2;8;80;12;1;2;5;0.1
1371;Transformer;64;192;2;8;80;12;1;2;5;0.1
1372;Transformer;64;256;2;8;80;12;1;2;5;0.1
1373;Transformer;16;32;3;8;80;12;1;2;5;0.1
1374;Transformer;16;48;3;8;80;12;1;2;5;0.1
1375;Transformer;16;64;3;8;80;12;1;2;5;0.1
1376;Transformer;32;64;3;8;80;12;1;2;5;0.1
1377;Transformer;32;96;3;8;80;12;1;2;5;0.1
1378;Transformer;32;128;3;8;80;12;1;2;5;0.1
1379;Transformer;64;128;3;8;80;12;1;2;5;0.1
1380;Transformer;64;192;3;8;80;12;1;2;5;0.1
1381;Transformer;64;256;3;8;80;12;1;2;5;0.1
1382;Transformer;16;32;4;8;80;12;1;2;5;0.1
1383;Transformer;16;48;4;8;80;12;1;2;5;0.1
1384;Transformer;16;64;4;8;80;12;1;2;5;0.1
1385;Transformer;32;64;4;8;80;12;1;2;5;0.1
1386;Transformer;32;96;4;8;80;12;1;2;5;0.1
1387;Transformer;32;128;4;8;80;12;1;2;5;0.1
1388;Transformer;64;128;4;8;80;12;1;2;5;0.1
1389;Transformer;64;192;4;8;80;12;1;2;5;0.1
1390;Transformer;64;256;4;8;80;12;1;2;5;0.1
1391;Transformer;16;32;2;2;90;12;1;2;5;0.1
1392;Transformer;16;48;2;2;90;12;1;2;5;0.1
1393;Transformer;16;64;2;2;90;12;1;2;5;0.1
1394;Transformer;32;64;2;2;90;12;1;2;5;0.1
1395;Transformer;32;96;2;2;90;12;1;2;5;0.1
1396;Transformer;32;128;2;2;90;12;1;2;5;0.1
1397;Transformer;64;128;2;2;90;12;1;2;5;0.1
1398;Transformer;64;192;2;2;90;12;1;2;5;0.1
1399;Transformer;64;256;2;2;90;12;1;2;5;0.1
1400;Transformer;16;32;3;2;90;12;1;2;5;0.1
1401;Transformer;16;48;3;2;90;12;1;2;5;0.1
1402;Transformer;16;64;3;2;90;12;1;2;5;0.1
1403;Transformer;32;64;3;2;90;12;1;2;5;0.1
1404;Transformer;32;96;3;2;90;12;1;2;5;0.1
1405;Transformer;32;128;3;2;90;12;1;2;5;0.1
1406;Transformer;64;128;3;2;90;12;1;2;5;0.1
1407;Transformer;64;192;3;2;90;12;1;2;5;0.1
1408;Transformer;64;256;3;2;90;12;1;2;5;0.1
1409;Transformer;16;32;4;2;90;12;1;2;5;0.1
1410;Transformer;16;48;4;2;90;12;1;2;5;0.1
1411;Transformer;16;64;4;2;90;12;1;2;5;0.1
1412;Transformer;32;64;4;2;90;12;1;2;5;0.1
1413;Transformer;32;96;4;2;90;12;1;2;5;0.1
1414;Transformer;32;128;4;2;90;12;1;2;5;0.1
1415;Transformer;64;128;4;2;90;12;1;2;5;0.1
1416;Transformer;64;192;4;2;90;12;1;2;5;0.1
1417;Transformer;64;256;4;2;90;12;1;2;5;0.1
1418;Transformer;16;32;2;4;90;12;1;2;5;0.1
1419;Transformer;16;48;2;4;90;12;1;2;5;0.1
1420;Transformer;16;64;2;4;90;12;1;2;5;0.1
1421;Transformer;32;64;2;4;90;12;1;2;5;0.1
1422;Transformer;32;96;2;4;90;12;1;2;5;0.1
1423;Transformer;32;128;2;4;90;12;1;2;5;0.1
1424;Transformer;64;128;2;4;90;12;1;2;5;0.1
1425;Transformer;64;192;2;4;90;12;1;2;5;0.1
1426;Transformer;64;256;2;4;90;12;1;2;5;0.1
1427;Transformer;16;32;3;4;90;12;1;2;5;0.1
1428;Transformer;16;48;3;4;90;12;1;2;5;0.1
1429;Transformer;16;64;3;4;90;12;1;2;5;0.1
1430;Transformer;32;64;3;4;90;12;1;2;5;0.1
1431;Transformer;32;96;3;4;90;12;1;2;5;0.1
1432;Transformer;32;128;3;4;90;12;1;2;5;0.1
1433;Transformer;64;128;3;4;90;12;1;2;5;0.1
1434;Transformer;64;192;3;4;90;12;1;2;5;0.1
1435;Transformer;64;256;3;4;90;12;1;2;5;0.1
1436;Transformer;16;32;4;4;90;12;1;2;5;0.1
1437;Transformer;16;48;4;4;90;12;1;2;5;0.1
1438;Transformer;16;64;4;4;90;12;1;2;5;0.1
1439;Transformer;32;64;4;4;90;12;1;2;5;0.1
1440;Transformer;32;96;4;4;90;12;1;2;5;0.1
1441;Transformer;32;128;4;4;90;12;1;2;5;0.1
1442;Transformer;64;128;4;4;90;12;1;2;5;0.1
1443;Transformer;64;192;4;4;90;12;1;2;5;0.1
1444;Transformer;64;256;4;4;90;12;1;2;5;0.1
1445;Transformer;16;32;2;8;90;12;1;2;5;0.1
1446;Transformer;16;48;2;8;90;12;1;2;5;0.1
1447;Transformer;16;64;2;8;90;12;1;2;5;0.1
1448;Transformer;32;64;2;8;90;12;1;2;5;0.1
1449;Transformer;32;96;2;8;90;12;1;2;5;0.1
1450;Transformer;32;128;2;8;90;12;1;2;5;0.1
1451;Transformer;64;128;2;8;90;12;1;2;5;0.1
1452;Transformer;64;192;2;8;90;12;1;2;5;0.1
1453;Transformer;64;256;2;8;90;12;1;2;5;0.1
1454;Transformer;16;32;3;8;90;12;1;2;5;0.1
1455;Transformer;16;48;3;8;90;12;1;2;5;0.1
1456;Transformer;16;64;3;8;90;12;1;2;5;0.1
1457;Transformer;32;64;3;8;90;12;1;2;5;0.1
1458;Transformer;32;96;3;8;90;12;1;2;5;0.1
1459;Transformer;32;128;3;8;90;12;1;2;5;0.1
1460;Transformer;64;128;3;8;90;12;1;2;5;0.1
1461;Transformer;64;192;3;8;90;12;1;2;5;0.1
1462;Transformer;64;256;3;8;90;12;1;2;5;0.1
1463;Transformer;16;32;4;8;90;12;1;2;5;0.1
1464;Transformer;16;48;4;8;90;12;1;2;5;0.1
1465;Transformer;16;64;4;8;90;12;1;2;5;0.1
1466;Transformer;32;64;4;8;90;12;1;2;5;0.1
1467;Transformer;32;96;4;8;90;12;1;2;5;0.1
1468;Transformer;32;128;4;8;90;12;1;2;5;0.1
1469;Transformer;64;128;4;8;90;12;1;2;5;0.1
1470;Transformer;64;192;4;8;90;12;1;2;5;0.1
1471;Transformer;64;256;4;8;90;12;1;2;5;0.1
1472;Transformer;16;32;2;2;100;12;1;2;5;0.1
1473;Transformer;16;48;2;2;100;12;1;2;5;0.1
1474;Transformer;16;64;2;2;100;12;1;2;5;0.1
1475;Transformer;32;64;2;2;100;12;1;2;5;0.1
1476;Transformer;32;96;2;2;100;12;1;2;5;0.1
1477;Transformer;32;128;2;2;100;12;1;2;5;0.1
1478;Transformer;64;128;2;2;100;12;1;2;5;0.1
1479;Transformer;64;192;2;2;100;12;1;2;5;0.1
1480;Transformer;64;256;2;2;100;12;1;2;5;0.1
1481;Transformer;16;32;3;2;100;12;1;2;5;0.1
1482;Transformer;16;48;3;2;100;12;1;2;5;0.1
1483;Transformer;16;64;3;2;100;12;1;2;5;0.1
1484;Transformer;32;64;3;2;100;12;1;2;5;0.1
1485;Transformer;32;96;3;2;100;12;1;2;5;0.1
1486;Transformer;32;128;3;2;100;12;1;2;5;0.1
1487;Transformer;64;128;3;2;100;12;1;2;5;0.1
1488;Transformer;64;192;3;2;100;12;1;2;5;0.1
1489;Transformer;64;256;3;2;100;12;1;2;5;0.1
1490;Transformer;16;32;4;2;100;12;1;2;5;0.1
1491;Transformer;16;48;4;2;100;12;1;2;5;0.1
1492;Transformer;16;64;4;2;100;12;1;2;5;0.1
1493;Transformer;32;64;4;2;100;12;1;2;5;0.1
1494;Transformer;32;96;4;2;100;12;1;2;5;0.1
1495;Transformer;32;128;4;2;100;12;1;2;5;0.1
1496;Transformer;64;128;4;2;100;12;1;2;5;0.1
1497;Transformer;64;192;4;2;100;12;1;2;5;0.1
1498;Transformer;64;256;4;2;100;12;1;2;5;0.1
1499;Transformer;16;32;2;4;100;12;1;2;5;0.1
1500;Transformer;16;48;2;4;100;12;1;2;5;0.1
1501;Transformer;16;64;2;4;100;12;1;2;5;0.1
1502;Transformer;32;64;2;4;100;12;1;2;5;0.1
1503;Transformer;32;96;2;4;100;12;1;2;5;0.1
1504;Transformer;32;128;2;4;100;12;1;2;5;0.1
1505;Transformer;64;128;2;4;100;12;1;2;5;0.1
1506;Transformer;64;192;2;4;100;12;1;2;5;0.1
1507;Transformer;64;256;2;4;100;12;1;2;5;0.1
1508;Transformer;16;32;3;4;100;12;1;2;5;0.1
1509;Transformer;16;48;3;4;100;12;1;2;5;0.1
1510;Transformer;16;64;3;4;100;12;1;2;5;0.1
1511;Transformer;32;64;3;4;100;12;1;2;5;0.1
1512;Transformer;32;96;3;4;100;12;1;2;5;0.1
1513;Transformer;32;128;3;4;100;12;1;2;5;0.1
1514;Transformer;64;128;3;4;100;12;1;2;5;0.1
1515;Transformer;64;192;3;4;100;12;1;2;5;0.1
1516;Transformer;64;256;3;4;100;12;1;2;5;0.1
1517;Transformer;16;32;4;4;100;12;1;2;5;0.1
1518;Transformer;16;48;4;4;100;12;1;2;5;0.1
1519;Transformer;16;64;4;4;100;12;1;2;5;0.1
1520;Transformer;32;64;4;4;100;12;1;2;5;0.1
1521;Transformer;32;96;4;4;100;12;1;2;5;0.1
1522;Transformer;32;128;4;4;100;12;1;2;5;0.1
1523;Transformer;64;128;4;4;100;12;1;2;5;0.1
1524;Transformer;64;192;4;4;100;12;1;2;5;0.1
1525;Transformer;64;256;4;4;100;12;1;2;5;0.1
1526;Transformer;16;32;2;8;100;12;1;2;5;0.1
1527;Transformer;16;48;2;8;100;12;1;2;5;0.1
1528;Transformer;16;64;2;8;100;12;1;2;5;0.1
1529;Transformer;32;64;2;8;100;12;1;2;5;0.1
1530;Transformer;32;96;2;8;100;12;1;2;5;0.1
1531;Transformer;32;128;2;8;100;12;1;2;5;0.1
1532;Transformer;64;128;2;8;100;12;1;2;5;0.1
1533;Transformer;64;192;2;8;100;12;1;2;5;0.1
1534;Transformer;64;256;2;8;100;12;1;2;5;0.1
1535;Transformer;16;32;3;8;100;12;1;2;5;0.1
1536;Transformer;16;48;3;8;100;12;1;2;5;0.1
1537;Transformer;16;64;3;8;100;12;1;2;5;0.1
1538;Transformer;32;64;3;8;100;12;1;2;5;0.1
1539;Transformer;32;96;3;8;100;12;1;2;5;0.1
1540;Transformer;32;128;3;8;100;12;1;2;5;0.1
1541;Transformer;64;128;3;8;100;12;1;2;5;0.1
1542;Transformer;64;192;3;8;100;12;1;2;5;0.1
1543;Transformer;64;256;3;8;100;12;1;2;5;0.1
1544;Transformer;16;32;4;8;100;12;1;2;5;0.1
1545;Transformer;16;48;4;8;100;12;1;2;5;0.1
1546;Transformer;16;64;4;8;100;12;1;2;5;0.1
1547;Transformer;32;64;4;8;100;12;1;2;5;0.1
1548;Transformer;32;96;4;8;100;12;1;2;5;0.1
1549;Transformer;32;128;4;8;100;12;1;2;5;0.1
1550;Transformer;64;128;4;8;100;12;1;2;5;0.1
1551;Transformer;64;192;4;8;100;12;1;2;5;0.1
1552;Transformer;64;256;4;8;100;12;1;2;5;0.1
1553;Transformer;16;32;2;2;110;12;1;2;5;0.1
1554;Transformer;16;48;2;2;110;12;1;2;5;0.1
1555;Transformer;16;64;2;2;110;12;1;2;5;0.1
1556;Transformer;32;64;2;2;110;12;1;2;5;0.1
1557;Transformer;32;96;2;2;110;12;1;2;5;0.1
1558;Transformer;32;128;2;2;110;12;1;2;5;0.1
1559;Transformer;64;128;2;2;110;12;1;2;5;0.1
1560;Transformer;64;192;2;2;110;12;1;2;5;0.1
1561;Transformer;64;256;2;2;110;12;1;2;5;0.1
1562;Transformer;16;32;3;2;110;12;1;2;5;0.1
1563;Transformer;16;48;3;2;110;12;1;2;5;0.1
1564;Transformer;16;64;3;2;110;12;1;2;5;0.1
1565;Transformer;32;64;3;2;110;12;1;2;5;0.1
1566;Transformer;32;96;3;2;110;12;1;2;5;0.1
1567;Transformer;32;128;3;2;110;12;1;2;5;0.1
1568;Transformer;64;128;3;2;110;12;1;2;5;0.1
1569;Transformer;64;192;3;2;110;12;1;2;5;0.1
1570;Transformer;64;256;3;2;110;12;1;2;5;0.1
1571;Transformer;16;32;4;2;110;12;1;2;5;0.1
1572;Transformer;16;48;4;2;110;12;1;2;5;0.1
1573;Transformer;16;64;4;2;110;12;1;2;5;0.1
1574;Transformer;32;64;4;2;110;12;1;2;5;0.1
1575;Transformer;32;96;4;2;110;12;1;2;5;0.1
1576;Transformer;32;128;4;2;110;12;1;2;5;0.1
1577;Transformer;64;128;4;2;110;12;1;2;5;0.1
1578;Transformer;64;192;4;2;110;12;1;2;5;0.1
1579;Transformer;64;256;4;2;110;12;1;2;5;0.1
1580;Transformer;16;32;2;4;110;12;1;2;5;0.1
1581;Transformer;16;48;2;4;110;12;1;2;5;0.1
1582;Transformer;16;64;2;4;110;12;1;2;5;0.1
1583;Transformer;32;64;2;4;110;12;1;2;5;0.1
1584;Transformer;32;96;2;4;110;12;1;2;5;0.1
1585;Transformer;32;128;2;4;110;12;1;2;5;0.1
1586;Transformer;64;128;2;4;110;12;1;2;5;0.1
1587;Transformer;64;192;2;4;110;12;1;2;5;0.1
1588;Transformer;64;256;2;4;110;12;1;2;5;0.1
1589;Transformer;16;32;3;4;110;12;1;2;5;0.1
1590;Transformer;16;48;3;4;110;12;1;2;5;0.1
1591;Transformer;16;64;3;4;110;12;1;2;5;0.1
1592;Transformer;32;64;3;4;110;12;1;2;5;0.1
1593;Transformer;32;96;3;4;110;12;1;2;5;0.1
1594;Transformer;32;128;3;4;110;12;1;2;5;0.1
1595;Transformer;64;128;3;4;110;12;1;2;5;0.1
1596;Transformer;64;192;3;4;110;12;1;2;5;0.1
1597;Transformer;64;256;3;4;110;12;1;2;5;0.1
1598;Transformer;16;32;4;4;110;12;1;2;5;0.1
1599;Transformer;16;48;4;4;110;12;1;2;5;0.1
1600;Transformer;16;64;4;4;110;12;1;2;5;0.1
1601;Transformer;32;64;4;4;110;12;1;2;5;0.1
1602;Transformer;32;96;4;4;110;12;1;2;5;0.1
1603;Transformer;32;128;4;4;110;12;1;2;5;0.1
1604;Transformer;64;128;4;4;110;12;1;2;5;0.1
1605;Transformer;64;192;4;4;110;12;1;2;5;0.1
1606;Transformer;64;256;4;4;110;12;1;2;5;0.1
1607;Transformer;16;32;2;8;110;12;1;2;5;0.1
1608;Transformer;16;48;2;8;110;12;1;2;5;0.1
1609;Transformer;16;64;2;8;110;12;1;2;5;0.1
1610;Transformer;32;64;2;8;110;12;1;2;5;0.1
1611;Transformer;32;96;2;8;110;12;1;2;5;0.1
1612;Transformer;32;128;2;8;110;12;1;2;5;0.1
1613;Transformer;64;128;2;8;110;12;1;2;5;0.1
1614;Transformer;64;192;2;8;110;12;1;2;5;0.1
1615;Transformer;64;256;2;8;110;12;1;2;5;0.1
1616;Transformer;16;32;3;8;110;12;1;2;5;0.1
1617;Transformer;16;48;3;8;110;12;1;2;5;0.1
1618;Transformer;16;64;3;8;110;12;1;2;5;0.1
1619;Transformer;32;64;3;8;110;12;1;2;5;0.1
1620;Transformer;32;96;3;8;110;12;1;2;5;0.1
1621;Transformer;32;128;3;8;110;12;1;2;5;0.1
1622;Transformer;64;128;3;8;110;12;1;2;5;0.1
1623;Transformer;64;192;3;8;110;12;1;2;5;0.1
1624;Transformer;64;256;3;8;110;12;1;2;5;0.1
1625;Transformer;16;32;4;8;110;12;1;2;5;0.1
1626;Transformer;16;48;4;8;110;12;1;2;5;0.1
1627;Transformer;16;64;4;8;110;12;1;2;5;0.1
1628;Transformer;32;64;4;8;110;12;1;2;5;0.1
1629;Transformer;32;96;4;8;110;12;1;2;5;0.1
1630;Transformer;32;128;4;8;110;12;1;2;5;0.1
1631;Transformer;64;128;4;8;110;12;1;2;5;0.1
1632;Transformer;64;192;4;8;110;12;1;2;5;0.1
1633;Transformer;64;256;4;8;110;12;1;2;5;0.1
1634;Transformer;16;32;2;2;120;12;1;2;5;0.1
1635;Transformer;16;48;2;2;120;12;1;2;5;0.1
1636;Transformer;16;64;2;2;120;12;1;2;5;0.1
1637;Transformer;32;64;2;2;120;12;1;2;5;0.1
1638;Transformer;32;96;2;2;120;12;1;2;5;0.1
1639;Transformer;32;128;2;2;120;12;1;2;5;0.1
1640;Transformer;64;128;2;2;120;12;1;2;5;0.1
1641;Transformer;64;192;2;2;120;12;1;2;5;0.1
1642;Transformer;64;256;2;2;120;12;1;2;5;0.1
1643;Transformer;16;32;3;2;120;12;1;2;5;0.1
1644;Transformer;16;48;3;2;120;12;1;2;5;0.1
1645;Transformer;16;64;3;2;120;12;1;2;5;0.1
1646;Transformer;32;64;3;2;120;12;1;2;5;0.1
1647;Transformer;32;96;3;2;120;12;1;2;5;0.1
1648;Transformer;32;128;3;2;120;12;1;2;5;0.1
1649;Transformer;64;128;3;2;120;12;1;2;5;0.1
1650;Transformer;64;192;3;2;120;12;1;2;5;0.1
1651;Transformer;64;256;3;2;120;12;1;2;5;0.1
1652;Transformer;16;32;4;2;120;12;1;2;5;0.1
1653;Transformer;16;48;4;2;120;12;1;2;5;0.1
1654;Transformer;16;64;4;2;120;12;1;2;5;0.1
1655;Transformer;32;64;4;2;120;12;1;2;5;0.1
1656;Transformer;32;96;4;2;120;12;1;2;5;0.1
1657;Transformer;32;128;4;2;120;12;1;2;5;0.1
1658;Transformer;64;128;4;2;120;12;1;2;5;0.1
1659;Transformer;64;192;4;2;120;12;1;2;5;0.1
1660;Transformer;64;256;4;2;120;12;1;2;5;0.1
1661;Transformer;16;32;2;4;120;12;1;2;5;0.1
1662;Transformer;16;48;2;4;120;12;1;2;5;0.1
1663;Transformer;16;64;2;4;120;12;1;2;5;0.1
1664;Transformer;32;64;2;4;120;12;1;2;5;0.1
1665;Transformer;32;96;2;4;120;12;1;2;5;0.1
1666;Transformer;32;128;2;4;120;12;1;2;5;0.1
1667;Transformer;64;128;2;4;120;12;1;2;5;0.1
1668;Transformer;64;192;2;4;120;12;1;2;5;0.1
1669;Transformer;64;256;2;4;120;12;1;2;5;0.1
1670;Transformer;16;32;3;4;120;12;1;2;5;0.1
1671;Transformer;16;48;3;4;120;12;1;2;5;0.1
1672;Transformer;16;64;3;4;120;12;1;2;5;0.1
1673;Transformer;32;64;3;4;120;12;1;2;5;0.1
1674;Transformer;32;96;3;4;120;12;1;2;5;0.1
1675;Transformer;32;128;3;4;120;12;1;2;5;0.1
1676;Transformer;64;128;3;4;120;12;1;2;5;0.1
1677;Transformer;64;192;3;4;120;12;1;2;5;0.1
1678;Transformer;64;256;3;4;120;12;1;2;5;0.1
1679;Transformer;16;32;4;4;120;12;1;2;5;0.1
1680;Transformer;16;48;4;4;120;12;1;2;5;0.1
1681;Transformer;16;64;4;4;120;12;1;2;5;0.1
1682;Transformer;32;64;4;4;120;12;1;2;5;0.1
1683;Transformer;32;96;4;4;120;12;1;2;5;0.1
1684;Transformer;32;128;4;4;120;12;1;2;5;0.1
1685;Transformer;64;128;4;4;120;12;1;2;5;0.1
1686;Transformer;64;192;4;4;120;12;1;2;5;0.1
1687;Transformer;64;256;4;4;120;12;1;2;5;0.1
1688;Transformer;16;32;2;8;120;12;1;2;5;0.1
1689;Transformer;16;48;2;8;120;12;1;2;5;0.1
1690;Transformer;16;64;2;8;120;12;1;2;5;0.1
1691;Transformer;32;64;2;8;120;12;1;2;5;0.1
1692;Transformer;32;96;2;8;120;12;1;2;5;0.1
1693;Transformer;32;128;2;8;120;12;1;2;5;0.1
1694;Transformer;64;128;2;8;120;12;1;2;5;0.1
1695;Transformer;64;192;2;8;120;12;1;2;5;0.1
1696;Transformer;64;256;2;8;120;12;1;2;5;0.1
1697;Transformer;16;32;3;8;120;12;1;2;5;0.1
1698;Transformer;16;48;3;8;120;12;1;2;5;0.1
1699;Transformer;16;64;3;8;120;12;1;2;5;0.1
1700;Transformer;32;64;3;8;120;12;1;2;5;0.1
1701;Transformer;32;96;3;8;120;12;1;2;5;0.1
1702;Transformer;32;128;3;8;120;12;1;2;5;0.1
1703;Transformer;64;128;3;8;120;12;1;2;5;0.1
1704;Transformer;64;192;3;8;120;12;1;2;5;0.1
1705;Transformer;64;256;3;8;120;12;1;2;5;0.1
1706;Transformer;16;32;4;8;120;12;1;2;5;0.1
1707;Transformer;16;48;4;8;120;12;1;2;5;0.1
1708;Transformer;16;64;4;8;120;12;1;2;5;0.1
1709;Transformer;32;64;4;8;120;12;1;2;5;0.1
1710;Transformer;32;96;4;8;120;12;1;2;5;0.1
1711;Transformer;32;128;4;8;120;12;1;2;5;0.1
1712;Transformer;64;128;4;8;120;12;1;2;5;0.1
1713;Transformer;64;192;4;8;120;12;1;2;5;0.1
1714;Transformer;64;256;4;8;120;12;1;2;5;0.1
1715;Transformer;32;64;2;2;180;12;1;2;5;0.1
1716;Transformer;32;96;2;2;180;12;1;2;5;0.1
1717;Transformer;32;128;2;2;180;12;1;2;5;0.1
1718;Transformer;64;128;2;2;180;12;1;2;5;0.1
1719;Transformer;64;192;2;2;180;12;1;2;5;0.1
1720;Transformer;64;256;2;2;180;12;1;2;5;0.1
1721;Transformer;128;256;2;2;180;12;1;2;5;0.1
1722;Transformer;128;384;2;2;180;12;1;2;5;0.1
1723;Transformer;128;512;2;2;180;12;1;2;5;0.1
1724;Transformer;32;64;3;2;180;12;1;2;5;0.1
1725;Transformer;32;96;3;2;180;12;1;2;5;0.1
1726;Transformer;32;128;3;2;180;12;1;2;5;0.1
1727;Transformer;64;128;3;2;180;12;1;2;5;0.1
1728;Transformer;64;192;3;2;180;12;1;2;5;0.1
1729;Transformer;64;256;3;2;180;12;1;2;5;0.1
1730;Transformer;128;256;3;2;180;12;1;2;5;0.1
1731;Transformer;128;384;3;2;180;12;1;2;5;0.1
1732;Transformer;128;512;3;2;180;12;1;2;5;0.1
1733;Transformer;32;64;4;2;180;12;1;2;5;0.1
1734;Transformer;32;96;4;2;180;12;1;2;5;0.1
1735;Transformer;32;128;4;2;180;12;1;2;5;0.1
1736;Transformer;64;128;4;2;180;12;1;2;5;0.1
1737;Transformer;64;192;4;2;180;12;1;2;5;0.1
1738;Transformer;64;256;4;2;180;12;1;2;5;0.1
1739;Transformer;128;256;4;2;180;12;1;2;5;0.1
1740;Transformer;128;384;4;2;180;12;1;2;5;0.1
1741;Transformer;128;512;4;2;180;12;1;2;5;0.1
1742;Transformer;32;64;2;4;180;12;1;2;5;0.1
1743;Transformer;32;96;2;4;180;12;1;2;5;0.1
1744;Transformer;32;128;2;4;180;12;1;2;5;0.1
1745;Transformer;64;128;2;4;180;12;1;2;5;0.1
1746;Transformer;64;192;2;4;180;12;1;2;5;0.1
1747;Transformer;64;256;2;4;180;12;1;2;5;0.1
1748;Transformer;128;256;2;4;180;12;1;2;5;0.1
1749;Transformer;128;384;2;4;180;12;1;2;5;0.1
1750;Transformer;128;512;2;4;180;12;1;2;5;0.1
1751;Transformer;32;64;3;4;180;12;1;2;5;0.1
1752;Transformer;32;96;3;4;180;12;1;2;5;0.1
1753;Transformer;32;128;3;4;180;12;1;2;5;0.1
1754;Transformer;64;128;3;4;180;12;1;2;5;0.1
1755;Transformer;64;192;3;4;180;12;1;2;5;0.1
1756;Transformer;64;256;3;4;180;12;1;2;5;0.1
1757;Transformer;128;256;3;4;180;12;1;2;5;0.1
1758;Transformer;128;384;3;4;180;12;1;2;5;0.1
1759;Transformer;128;512;3;4;180;12;1;2;5;0.1
1760;Transformer;32;64;4;4;180;12;1;2;5;0.1
1761;Transformer;32;96;4;4;180;12;1;2;5;0.1
1762;Transformer;32;128;4;4;180;12;1;2;5;0.1
1763;Transformer;64;128;4;4;180;12;1;2;5;0.1
1764;Transformer;64;192;4;4;180;12;1;2;5;0.1
1765;Transformer;64;256;4;4;180;12;1;2;5;0.1
1766;Transformer;128;256;4;4;180;12;1;2;5;0.1
1767;Transformer;128;384;4;4;180;12;1;2;5;0.1
1768;Transformer;128;512;4;4;180;12;1;2;5;0.1
1769;Transformer;32;64;2;8;180;12;1;2;5;0.1
1770;Transformer;32;96;2;8;180;12;1;2;5;0.1
1771;Transformer;32;128;2;8;180;12;1;2;5;0.1
1772;Transformer;64;128;2;8;180;12;1;2;5;0.1
1773;Transformer;64;192;2;8;180;12;1;2;5;0.1
1774;Transformer;64;256;2;8;180;12;1;2;5;0.1
1775;Transformer;128;256;2;8;180;12;1;2;5;0.1
1776;Transformer;128;384;2;8;180;12;1;2;5;0.1
1777;Transformer;128;512;2;8;180;12;1;2;5;0.1
1778;Transformer;32;64;3;8;180;12;1;2;5;0.1
1779;Transformer;32;96;3;8;180;12;1;2;5;0.1
1780;Transformer;32;128;3;8;180;12;1;2;5;0.1
1781;Transformer;64;128;3;8;180;12;1;2;5;0.1
1782;Transformer;64;192;3;8;180;12;1;2;5;0.1
1783;Transformer;64;256;3;8;180;12;1;2;5;0.1
1784;Transformer;128;256;3;8;180;12;1;2;5;0.1
1785;Transformer;128;384;3;8;180;12;1;2;5;0.1
1786;Transformer;128;512;3;8;180;12;1;2;5;0.1
1787;Transformer;32;64;4;8;180;12;1;2;5;0.1
1788;Transformer;32;96;4;8;180;12;1;2;5;0.1
1789;Transformer;32;128;4;8;180;12;1;2;5;0.1
1790;Transformer;64;128;4;8;180;12;1;2;5;0.1
1791;Transformer;64;192;4;8;180;12;1;2;5;0.1
1792;Transformer;64;256;4;8;180;12;1;2;5;0.1
1793;Transformer;128;256;4;8;180;12;1;2;5;0.1
1794;Transformer;128;384;4;8;180;12;1;2;5;0.1
1795;Transformer;128;512;4;8;180;12;1;2;5;0.1
1796;Transformer;32;64;2;2;190;12;1;2;5;0.1
1797;Transformer;32;96;2;2;190;12;1;2;5;0.1
1798;Transformer;32;128;2;2;190;12;1;2;5;0.1
1799;Transformer;64;128;2;2;190;12;1;2;5;0.1
1800;Transformer;64;192;2;2;190;12;1;2;5;0.1
1801;Transformer;64;256;2;2;190;12;1;2;5;0.1
1802;Transformer;128;256;2;2;190;12;1;2;5;0.1
1803;Transformer;128;384;2;2;190;12;1;2;5;0.1
1804;Transformer;128;512;2;2;190;12;1;2;5;0.1
1805;Transformer;32;64;3;2;190;12;1;2;5;0.1
1806;Transformer;32;96;3;2;190;12;1;2;5;0.1
1807;Transformer;32;128;3;2;190;12;1;2;5;0.1
1808;Transformer;64;128;3;2;190;12;1;2;5;0.1
1809;Transformer;64;192;3;2;190;12;1;2;5;0.1
1810;Transformer;64;256;3;2;190;12;1;2;5;0.1
1811;Transformer;128;256;3;2;190;12;1;2;5;0.1
1812;Transformer;128;384;3;2;190;12;1;2;5;0.1
1813;Transformer;128;512;3;2;190;12;1;2;5;0.1
1814;Transformer;32;64;4;2;190;12;1;2;5;0.1
1815;Transformer;32;96;4;2;190;12;1;2;5;0.1
1816;Transformer;32;128;4;2;190;12;1;2;5;0.1
1817;Transformer;64;128;4;2;190;12;1;2;5;0.1
1818;Transformer;64;192;4;2;190;12;1;2;5;0.1
1819;Transformer;64;256;4;2;190;12;1;2;5;0.1
1820;Transformer;128;256;4;2;190;12;1;2;5;0.1
1821;Transformer;128;384;4;2;190;12;1;2;5;0.1
1822;Transformer;128;512;4;2;190;12;1;2;5;0.1
1823;Transformer;32;64;2;4;190;12;1;2;5;0.1
1824;Transformer;32;96;2;4;190;12;1;2;5;0.1
1825;Transformer;32;128;2;4;190;12;1;2;5;0.1
1826;Transformer;64;128;2;4;190;12;1;2;5;0.1
1827;Transformer;64;192;2;4;190;12;1;2;5;0.1
1828;Transformer;64;256;2;4;190;12;1;2;5;0.1
1829;Transformer;128;256;2;4;190;12;1;2;5;0.1
1830;Transformer;128;384;2;4;190;12;1;2;5;0.1
1831;Transformer;128;512;2;4;190;12;1;2;5;0.1
1832;Transformer;32;64;3;4;190;12;1;2;5;0.1
1833;Transformer;32;96;3;4;190;12;1;2;5;0.1
1834;Transformer;32;128;3;4;190;12;1;2;5;0.1
1835;Transformer;64;128;3;4;190;12;1;2;5;0.1
1836;Transformer;64;192;3;4;190;12;1;2;5;0.1
1837;Transformer;64;256;3;4;190;12;1;2;5;0.1
1838;Transformer;128;256;3;4;190;12;1;2;5;0.1
1839;Transformer;128;384;3;4;190;12;1;2;5;0.1
1840;Transformer;128;512;3;4;190;12;1;2;5;0.1
1841;Transformer;32;64;4;4;190;12;1;2;5;0.1
1842;Transformer;32;96;4;4;190;12;1;2;5;0.1
1843;Transformer;32;128;4;4;190;12;1;2;5;0.1
1844;Transformer;64;128;4;4;190;12;1;2;5;0.1
1845;Transformer;64;192;4;4;190;12;1;2;5;0.1
1846;Transformer;64;256;4;4;190;12;1;2;5;0.1
1847;Transformer;128;256;4;4;190;12;1;2;5;0.1
1848;Transformer;128;384;4;4;190;12;1;2;5;0.1
1849;Transformer;128;512;4;4;190;12;1;2;5;0.1
1850;Transformer;32;64;2;8;190;12;1;2;5;0.1
1851;Transformer;32;96;2;8;190;12;1;2;5;0.1
1852;Transformer;32;128;2;8;190;12;1;2;5;0.1
1853;Transformer;64;128;2;8;190;12;1;2;5;0.1
1854;Transformer;64;192;2;8;190;12;1;2;5;0.1
1855;Transformer;64;256;2;8;190;12;1;2;5;0.1
1856;Transformer;128;256;2;8;190;12;1;2;5;0.1
1857;Transformer;128;384;2;8;190;12;1;2;5;0.1
1858;Transformer;128;512;2;8;190;12;1;2;5;0.1
1859;Transformer;32;64;3;8;190;12;1;2;5;0.1
1860;Transformer;32;96;3;8;190;12;1;2;5;0.1
1861;Transformer;32;128;3;8;190;12;1;2;5;0.1
1862;Transformer;64;128;3;8;190;12;1;2;5;0.1
1863;Transformer;64;192;3;8;190;12;1;2;5;0.1
1864;Transformer;64;256;3;8;190;12;1;2;5;0.1
1865;Transformer;128;256;3;8;190;12;1;2;5;0.1
1866;Transformer;128;384;3;8;190;12;1;2;5;0.1
1867;Transformer;128;512;3;8;190;12;1;2;5;0.1
1868;Transformer;32;64;4;8;190;12;1;2;5;0.1
1869;Transformer;32;96;4;8;190;12;1;2;5;0.1
1870;Transformer;32;128;4;8;190;12;1;2;5;0.1
1871;Transformer;64;128;4;8;190;12;1;2;5;0.1
1872;Transformer;64;192;4;8;190;12;1;2;5;0.1
1873;Transformer;64;256;4;8;190;12;1;2;5;0.1
1874;Transformer;128;256;4;8;190;12;1;2;5;0.1
1875;Transformer;128;384;4;8;190;12;1;2;5;0.1
1876;Transformer;128;512;4;8;190;12;1;2;5;0.1
1877;Transformer;32;64;2;2;200;12;1;2;5;0.1
1878;Transformer;32;96;2;2;200;12;1;2;5;0.1
1879;Transformer;32;128;2;2;200;12;1;2;5;0.1
1880;Transformer;64;128;2;2;200;12;1;2;5;0.1
1881;Transformer;64;192;2;2;200;12;1;2;5;0.1
1882;Transformer;64;256;2;2;200;12;1;2;5;0.1
1883;Transformer;128;256;2;2;200;12;1;2;5;0.1
1884;Transformer;128;384;2;2;200;12;1;2;5;0.1
1885;Transformer;128;512;2;2;200;12;1;2;5;0.1
1886;Transformer;32;64;3;2;200;12;1;2;5;0.1
1887;Transformer;32;96;3;2;200;12;1;2;5;0.1
1888;Transformer;32;128;3;2;200;12;1;2;5;0.1
1889;Transformer;64;128;3;2;200;12;1;2;5;0.1
1890;Transformer;64;192;3;2;200;12;1;2;5;0.1
1891;Transformer;64;256;3;2;200;12;1;2;5;0.1
1892;Transformer;128;256;3;2;200;12;1;2;5;0.1
1893;Transformer;128;384;3;2;200;12;1;2;5;0.1
1894;Transformer;128;512;3;2;200;12;1;2;5;0.1
1895;Transformer;32;64;4;2;200;12;1;2;5;0.1
1896;Transformer;32;96;4;2;200;12;1;2;5;0.1
1897;Transformer;32;128;4;2;200;12;1;2;5;0.1
1898;Transformer;64;128;4;2;200;12;1;2;5;0.1
1899;Transformer;64;192;4;2;200;12;1;2;5;0.1
1900;Transformer;64;256;4;2;200;12;1;2;5;0.1
1901;Transformer;128;256;4;2;200;12;1;2;5;0.1
1902;Transformer;128;384;4;2;200;12;1;2;5;0.1
1903;Transformer;128;512;4;2;200;12;1;2;5;0.1
1904;Transformer;32;64;2;4;200;12;1;2;5;0.1
1905;Transformer;32;96;2;4;200;12;1;2;5;0.1
1906;Transformer;32;128;2;4;200;12;1;2;5;0.1
1907;Transformer;64;128;2;4;200;12;1;2;5;0.1
1908;Transformer;64;192;2;4;200;12;1;2;5;0.1
1909;Transformer;64;256;2;4;200;12;1;2;5;0.1
1910;Transformer;128;256;2;4;200;12;1;2;5;0.1
1911;Transformer;128;384;2;4;200;12;1;2;5;0.1
1912;Transformer;128;512;2;4;200;12;1;2;5;0.1
1913;Transformer;32;64;3;4;200;12;1;2;5;0.1
1914;Transformer;32;96;3;4;200;12;1;2;5;0.1
1915;Transformer;32;128;3;4;200;12;1;2;5;0.1
1916;Transformer;64;128;3;4;200;12;1;2;5;0.1
1917;Transformer;64;192;3;4;200;12;1;2;5;0.1
1918;Transformer;64;256;3;4;200;12;1;2;5;0.1
1919;Transformer;128;256;3;4;200;12;1;2;5;0.1
1920;Transformer;128;384;3;4;200;12;1;2;5;0.1
1921;Transformer;128;512;3;4;200;12;1;2;5;0.1
1922;Transformer;32;64;4;4;200;12;1;2;5;0.1
1923;Transformer;32;96;4;4;200;12;1;2;5;0.1
1924;Transformer;32;128;4;4;200;12;1;2;5;0.1
1925;Transformer;64;128;4;4;200;12;1;2;5;0.1
1926;Transformer;64;192;4;4;200;12;1;2;5;0.1
1927;Transformer;64;256;4;4;200;12;1;2;5;0.1
1928;Transformer;128;256;4;4;200;12;1;2;5;0.1
1929;Transformer;128;384;4;4;200;12;1;2;5;0.1
1930;Transformer;128;512;4;4;200;12;1;2;5;0.1
1931;Transformer;32;64;2;8;200;12;1;2;5;0.1
1932;Transformer;32;96;2;8;200;12;1;2;5;0.1
1933;Transformer;32;128;2;8;200;12;1;2;5;0.1
1934;Transformer;64;128;2;8;200;12;1;2;5;0.1
1935;Transformer;64;192;2;8;200;12;1;2;5;0.1
1936;Transformer;64;256;2;8;200;12;1;2;5;0.1
1937;Transformer;128;256;2;8;200;12;1;2;5;0.1
1938;Transformer;128;384;2;8;200;12;1;2;5;0.1
1939;Transformer;128;512;2;8;200;12;1;2;5;0.1
1940;Transformer;32;64;3;8;200;12;1;2;5;0.1
1941;Transformer;32;96;3;8;200;12;1;2;5;0.1
1942;Transformer;32;128;3;8;200;12;1;2;5;0.1
1943;Transformer;64;128;3;8;200;12;1;2;5;0.1
1944;Transformer;64;192;3;8;200;12;1;2;5;0.1
1945;Transformer;64;256;3;8;200;12;1;2;5;0.1
1946;Transformer;128;256;3;8;200;12;1;2;5;0.1
1947;Transformer;128;384;3;8;200;12;1;2;5;0.1
1948;Transformer;128;512;3;8;200;12;1;2;5;0.1
1949;Transformer;32;64;4;8;200;12;1;2;5;0.1
1950;Transformer;32;96;4;8;200;12;1;2;5;0.1
1951;Transformer;32;128;4;8;200;12;1;2;5;0.1
1952;Transformer;64;128;4;8;200;12;1;2;5;0.1
1953;Transformer;64;192;4;8;200;12;1;2;5;0.1
1954;Transformer;64;256;4;8;200;12;1;2;5;0.1
1955;Transformer;128;256;4;8;200;12;1;2;5;0.1
1956;Transformer;128;384;4;8;200;12;1;2;5;0.1
1957;Transformer;128;512;4;8;200;12;1;2;5;0.1
1958;Transformer;32;64;2;2;210;12;1;2;5;0.1
1959;Transformer;32;96;2;2;210;12;1;2;5;0.1
1960;Transformer;32;128;2;2;210;12;1;2;5;0.1
1961;Transformer;64;128;2;2;210;12;1;2;5;0.1
1962;Transformer;64;192;2;2;210;12;1;2;5;0.1
1963;Transformer;64;256;2;2;210;12;1;2;5;0.1
1964;Transformer;128;256;2;2;210;12;1;2;5;0.1
1965;Transformer;128;384;2;2;210;12;1;2;5;0.1
1966;Transformer;128;512;2;2;210;12;1;2;5;0.1
1967;Transformer;32;64;3;2;210;12;1;2;5;0.1
1968;Transformer;32;96;3;2;210;12;1;2;5;0.1
1969;Transformer;32;128;3;2;210;12;1;2;5;0.1
1970;Transformer;64;128;3;2;210;12;1;2;5;0.1
1971;Transformer;64;192;3;2;210;12;1;2;5;0.1
1972;Transformer;64;256;3;2;210;12;1;2;5;0.1
1973;Transformer;128;256;3;2;210;12;1;2;5;0.1
1974;Transformer;128;384;3;2;210;12;1;2;5;0.1
1975;Transformer;128;512;3;2;210;12;1;2;5;0.1
1976;Transformer;32;64;4;2;210;12;1;2;5;0.1
1977;Transformer;32;96;4;2;210;12;1;2;5;0.1
1978;Transformer;32;128;4;2;210;12;1;2;5;0.1
1979;Transformer;64;128;4;2;210;12;1;2;5;0.1
1980;Transformer;64;192;4;2;210;12;1;2;5;0.1
1981;Transformer;64;256;4;2;210;12;1;2;5;0.1
1982;Transformer;128;256;4;2;210;12;1;2;5;0.1
1983;Transformer;128;384;4;2;210;12;1;2;5;0.1
1984;Transformer;128;512;4;2;210;12;1;2;5;0.1
1985;Transformer;32;64;2;4;210;12;1;2;5;0.1
1986;Transformer;32;96;2;4;210;12;1;2;5;0.1
1987;Transformer;32;128;2;4;210;12;1;2;5;0.1
1988;Transformer;64;128;2;4;210;12;1;2;5;0.1
1989;Transformer;64;192;2;4;210;12;1;2;5;0.1
1990;Transformer;64;256;2;4;210;12;1;2;5;0.1
1991;Transformer;128;256;2;4;210;12;1;2;5;0.1
1992;Transformer;128;384;2;4;210;12;1;2;5;0.1
1993;Transformer;128;512;2;4;210;12;1;2;5;0.1
1994;Transformer;32;64;3;4;210;12;1;2;5;0.1
1995;Transformer;32;96;3;4;210;12;1;2;5;0.1
1996;Transformer;32;128;3;4;210;12;1;2;5;0.1
1997;Transformer;64;128;3;4;210;12;1;2;5;0.1
1998;Transformer;64;192;3;4;210;12;1;2;5;0.1
1999;Transformer;64;256;3;4;210;12;1;2;5;0.1
2000;Transformer;128;256;3;4;210;12;1;2;5;0.1
2001;Transformer;128;384;3;4;210;12;1;2;5;0.1
2002;Transformer;128;512;3;4;210;12;1;2;5;0.1
2003;Transformer;32;64;4;4;210;12;1;2;5;0.1
2004;Transformer;32;96;4;4;210;12;1;2;5;0.1
2005;Transformer;32;128;4;4;210;12;1;2;5;0.1
2006;Transformer;64;128;4;4;210;12;1;2;5;0.1
2007;Transformer;64;192;4;4;210;12;1;2;5;0.1
2008;Transformer;64;256;4;4;210;12;1;2;5;0.1
2009;Transformer;128;256;4;4;210;12;1;2;5;0.1
2010;Transformer;128;384;4;4;210;12;1;2;5;0.1
2011;Transformer;128;512;4;4;210;12;1;2;5;0.1
2012;Transformer;32;64;2;8;210;12;1;2;5;0.1
2013;Transformer;32;96;2;8;210;12;1;2;5;0.1
2014;Transformer;32;128;2;8;210;12;1;2;5;0.1
2015;Transformer;64;128;2;8;210;12;1;2;5;0.1
2016;Transformer;64;192;2;8;210;12;1;2;5;0.1
2017;Transformer;64;256;2;8;210;12;1;2;5;0.1
2018;Transformer;128;256;2;8;210;12;1;2;5;0.1
2019;Transformer;128;384;2;8;210;12;1;2;5;0.1
2020;Transformer;128;512;2;8;210;12;1;2;5;0.1
2021;Transformer;32;64;3;8;210;12;1;2;5;0.1
2022;Transformer;32;96;3;8;210;12;1;2;5;0.1
2023;Transformer;32;128;3;8;210;12;1;2;5;0.1
2024;Transformer;64;128;3;8;210;12;1;2;5;0.1
2025;Transformer;64;192;3;8;210;12;1;2;5;0.1
2026;Transformer;64;256;3;8;210;12;1;2;5;0.1
2027;Transformer;128;256;3;8;210;12;1;2;5;0.1
2028;Transformer;128;384;3;8;210;12;1;2;5;0.1
2029;Transformer;128;512;3;8;210;12;1;2;5;0.1
2030;Transformer;32;64;4;8;210;12;1;2;5;0.1
2031;Transformer;32;96;4;8;210;12;1;2;5;0.1
2032;Transformer;32;128;4;8;210;12;1;2;5;0.1
2033;Transformer;64;128;4;8;210;12;1;2;5;0.1
2034;Transformer;64;192;4;8;210;12;1;2;5;0.1
2035;Transformer;64;256;4;8;210;12;1;2;5;0.1
2036;Transformer;128;256;4;8;210;12;1;2;5;0.1
2037;Transformer;128;384;4;8;210;12;1;2;5;0.1
2038;Transformer;128;512;4;8;210;12;1;2;5;0.1
2039;Transformer;32;64;2;2;220;12;1;2;5;0.1
2040;Transformer;32;96;2;2;220;12;1;2;5;0.1
2041;Transformer;32;128;2;2;220;12;1;2;5;0.1
2042;Transformer;64;128;2;2;220;12;1;2;5;0.1
2043;Transformer;64;192;2;2;220;12;1;2;5;0.1
2044;Transformer;64;256;2;2;220;12;1;2;5;0.1
2045;Transformer;128;256;2;2;220;12;1;2;5;0.1
2046;Transformer;128;384;2;2;220;12;1;2;5;0.1
2047;Transformer;128;512;2;2;220;12;1;2;5;0.1
2048;Transformer;32;64;3;2;220;12;1;2;5;0.1
2049;Transformer;32;96;3;2;220;12;1;2;5;0.1
2050;Transformer;32;128;3;2;220;12;1;2;5;0.1
2051;Transformer;64;128;3;2;220;12;1;2;5;0.1
2052;Transformer;64;192;3;2;220;12;1;2;5;0.1
2053;Transformer;64;256;3;2;220;12;1;2;5;0.1
2054;Transformer;128;256;3;2;220;12;1;2;5;0.1
2055;Transformer;128;384;3;2;220;12;1;2;5;0.1
2056;Transformer;128;512;3;2;220;12;1;2;5;0.1
2057;Transformer;32;64;4;2;220;12;1;2;5;0.1
2058;Transformer;32;96;4;2;220;12;1;2;5;0.1
2059;Transformer;32;128;4;2;220;12;1;2;5;0.1
2060;Transformer;64;128;4;2;220;12;1;2;5;0.1
2061;Transformer;64;192;4;2;220;12;1;2;5;0.1
2062;Transformer;64;256;4;2;220;12;1;2;5;0.1
2063;Transformer;128;256;4;2;220;12;1;2;5;0.1
2064;Transformer;128;384;4;2;220;12;1;2;5;0.1
2065;Transformer;128;512;4;2;220;12;1;2;5;0.1
2066;Transformer;32;64;2;4;220;12;1;2;5;0.1
2067;Transformer;32;96;2;4;220;12;1;2;5;0.1
2068;Transformer;32;128;2;4;220;12;1;2;5;0.1
2069;Transformer;64;128;2;4;220;12;1;2;5;0.1
2070;Transformer;64;192;2;4;220;12;1;2;5;0.1
2071;Transformer;64;256;2;4;220;12;1;2;5;0.1
2072;Transformer;128;256;2;4;220;12;1;2;5;0.1
2073;Transformer;128;384;2;4;220;12;1;2;5;0.1
2074;Transformer;128;512;2;4;220;12;1;2;5;0.1
2075;Transformer;32;64;3;4;220;12;1;2;5;0.1
2076;Transformer;32;96;3;4;220;12;1;2;5;0.1
2077;Transformer;32;128;3;4;220;12;1;2;5;0.1
2078;Transformer;64;128;3;4;220;12;1;2;5;0.1
2079;Transformer;64;192;3;4;220;12;1;2;5;0.1
2080;Transformer;64;256;3;4;220;12;1;2;5;0.1
2081;Transformer;128;256;3;4;220;12;1;2;5;0.1
2082;Transformer;128;384;3;4;220;12;1;2;5;0.1
2083;Transformer;128;512;3;4;220;12;1;2;5;0.1
2084;Transformer;32;64;4;4;220;12;1;2;5;0.1
2085;Transformer;32;96;4;4;220;12;1;2;5;0.1
2086;Transformer;32;128;4;4;220;12;1;2;5;0.1
2087;Transformer;64;128;4;4;220;12;1;2;5;0.1
2088;Transformer;64;192;4;4;220;12;1;2;5;0.1
2089;Transformer;64;256;4;4;220;12;1;2;5;0.1
2090;Transformer;128;256;4;4;220;12;1;2;5;0.1
2091;Transformer;128;384;4;4;220;12;1;2;5;0.1
2092;Transformer;128;512;4;4;220;12;1;2;5;0.1
2093;Transformer;32;64;2;8;220;12;1;2;5;0.1
2094;Transformer;32;96;2;8;220;12;1;2;5;0.1
2095;Transformer;32;128;2;8;220;12;1;2;5;0.1
2096;Transformer;64;128;2;8;220;12;1;2;5;0.1
2097;Transformer;64;192;2;8;220;12;1;2;5;0.1
2098;Transformer;64;256;2;8;220;12;1;2;5;0.1
2099;Transformer;128;256;2;8;220;12;1;2;5;0.1
2100;Transformer;128;384;2;8;220;12;1;2;5;0.1
2101;Transformer;128;512;2;8;220;12;1;2;5;0.1
2102;Transformer;32;64;3;8;220;12;1;2;5;0.1
2103;Transformer;32;96;3;8;220;12;1;2;5;0.1
2104;Transformer;32;128;3;8;220;12;1;2;5;0.1
2105;Transformer;64;128;3;8;220;12;1;2;5;0.1
2106;Transformer;64;192;3;8;220;12;1;2;5;0.1
2107;Transformer;64;256;3;8;220;12;1;2;5;0.1
2108;Transformer;128;256;3;8;220;12;1;2;5;0.1
2109;Transformer;128;384;3;8;220;12;1;2;5;0.1
2110;Transformer;128;512;3;8;220;12;1;2;5;0.1
2111;Transformer;32;64;4;8;220;12;1;2;5;0.1
2112;Transformer;32;96;4;8;220;12;1;2;5;0.1
2113;Transformer;32;128;4;8;220;12;1;2;5;0.1
2114;Transformer;64;128;4;8;220;12;1;2;5;0.1
2115;Transformer;64;192;4;8;220;12;1;2;5;0.1
2116;Transformer;64;256;4;8;220;12;1;2;5;0.1
2117;Transformer;128;256;4;8;220;12;1;2;5;0.1
2118;Transformer;128;384;4;8;220;12;1;2;5;0.1
2119;Transformer;128;512;4;8;220;12;1;2;5;0.1
