time,veh_u,veh_v,best_wheel,model_based,ekf_m_bw,veh_ref
0 sec,0,0.0047,0,-0.758278145695364,-1.51655489381841e-14,0
0.01 sec,0,0.00433,0,-0.758278145695364,1.74604902612873e-20,0
0.02 sec,0,0.00397,0,-0.758278145695364,3.11174489696909e-20,0
0.03 sec,0,0.00362,0,-0.758278145695364,5.77656410897578e-20,0
0.04 sec,0,0.00327,-0.001684,-0.758278145695364,-0.0016839999998316,0
0.05 sec,0,0.00294,-0.001684,-0.758278145695364,-0.00168399999957621,0
0.06 sec,0,0.00263,0,-0.758278145695364,2.5538859221852e-13,0
0.07 sec,0,0.00233,0,-0.758278145695364,1.70903786359581e-18,0
0.08 sec,0,0.00204,0,-0.758278145695364,5.12154501090372e-18,0
0.09 sec,0,0.00178,0,-0.758278145695364,1.6198340445936e-17,0
0.1 sec,0,0.00153,0,-0.758278145695364,5.27141425603057e-17,0
0.11 sec,0,0.00131,0,-0.758278137417219,1.12417365726643e-15,0
0.12 sec,0,0.00111,0,-0.75827811427046,-2.51709053990593e-15,0
0.13 sec,0,0.00093,0,-0.7582780984273,1.0191785024434e-14,0
0.14 sec,0,0.00077,0,-0.758278042225989,-2.10502730697837e-14,0
0.15 sec,0,0.00063,0,-0.758278045221223,5.40436835907987e-14,0
0.16 sec,0,0.00052,0,-0.758277904242165,-1.11145034148441e-13,0
0.17 sec,0,0.00043,0,-0.758278049107739,1.07350543385176e-13,0
0.18 sec,0,0.00037,0,-0.758277587057686,-1.75414153688602e-13,0
0.19 sec,0,0.00033,0,-0.758278349696727,1.45985870961263e-13,0
0.2 sec,0,0.0003,0,-0.758276609578326,-2.11647973452633e-13,0
0.21 sec,0,0.0003,-0.00170926,-0.75827987625452,-0.00170925999965095,0
0.22 sec,0,0.00032,0,-0.758273155196128,1.57487412867641e-14,0
0.23 sec,0,0.00036,0,-0.75828609604209,2.07353231806984e-13,0
0.24 sec,0,0.00041,-0.00170084,-0.758260466569363,-0.00170084000010143,0
0.25 sec,0,0.00049,-0.00167558,-0.758309835056322,-0.00167557999933909,0
0.26 sec,0,0.00057,0,-0.758211686879865,-4.66298549252342e-14,0
0.27 sec,0,0.00067,0,-0.75840093694324,2.64604310684646e-13,0
0.28 sec,0,0.00078,-0.00170926,-0.758003499781834,-0.00170926000015666,0
0.29 sec,0,0.0009,-0.00170084,-0.758822214237672,-0.00170083999928155,0
0.3 sec,0,0.00103,0,-0.756977397837236,-9.41944005433681e-14,0
0.31 sec,0,0.00117,0,-0.513338015667478,3.13664892670484e-13,0
0.32 sec,0,0.0013,0,-0.489746357015889,-3.76645763189298e-13,0
0.33 sec,0,0.00144,0,-0.490471284826716,3.3938260188271e-13,0
0.34 sec,0,0.00158,0,-0.492032010389955,-4.02348293571109e-13,0
0.35 sec,0,0.00169,0,-0.490181457551775,3.60414822986321e-13,0
0.36 sec,0,0.00184,0,-0.492109648558325,-4.22207407924091e-13,0
0.37 sec,0,0.00196,0,-0.49012927278886,3.82611910904052e-13,0
0.38 sec,0,0.00207,0,-0.49216584146424,-4.42064787553598e-13,0
0.39 sec,0,0.00217,0,-0.490078849965413,4.03639795198973e-13,0
0.4 sec,0,0.00224,0,-0.492219426850384,-4.64257972343507e-13,0
0.41 sec,0,0.00229,-0.00167557999999999,-0.490023302901115,-0.0016755799994101,0
0.42 sec,0,0.00234,0,-0.492268252642551,-2.30006118318027e-13,0
0.43 sec,0,0.00235,0,-0.489973623576193,4.43319859988467e-13,0
0.44 sec,0,0.00234,0,-0.492321744787632,-5.02793987000594e-13,0
0.45 sec,0,0.0023,0,-0.489926082079691,4.608717921184e-13,0
0.46 sec,0,0.00222,0,-0.492367045959208,-5.20322500363601e-13,0
0.47 sec,0,0.00214,-0.00167557999999999,-0.489882014888321,-0.0016755799993552,0
0.48 sec,0,0.00197,0,-0.492409344084166,-2.83737443262932e-13,0
0.49 sec,0,0.00179,0,-0.489838347829696,4.97054654380324e-13,0
0.5 sec,0,0.00157,-0.001684,-0.492459567093635,-0.00168400000038696,0
0.51 sec,0,0.00132,0,-0.489793823025196,7.68826842467707e-13,0
0.52 sec,0,0.00103,0,-0.492501917000469,-5.71729295850698e-13,0
0.53 sec,0,0.00069,0,-0.489752763672219,5.29815774585884e-13,0
0.54 sec,0,0.00032,-0.00167558,-0.492543875862712,-0.00167558000041935,0
0.55 sec,0,0,-0.001684,-0.489714389065867,-0.00168399999903249,0
0.56 sec,0,0,-0.00170926,-0.492582908722942,-0.00170926000017579,0
0.57 sec,0,0,-0.00170083999999998,-0.489676255371059,-0.00170083999901287,0
0.58 sec,0,0,0,-0.492616597718678,-3.58173560255359e-13,0
0.59 sec,0,0,0,-0.489641423221365,5.74155306631852e-13,0
0.6 sec,0,0,0,-0.49265796027284,-6.3245155640379e-13,0
0.61 sec,0,0,0,-0.489600518322573,5.90546708756357e-13,0
0.62 sec,0,0,0,-0.492699959348349,-6.47643397244657e-13,0
0.63 sec,0,0,0,-0.489562161376641,6.04575417506581e-13,0
0.64 sec,0,0,0,-0.492736397376369,-6.62830901276834e-13,0
0.65 sec,0,0,0,-0.48952440272167,6.1976639098571e-13,0
0.66 sec,0,0,0,-0.49277539478889,-6.76848334324465e-13,0
0.67 sec,0,0,-0.00167558,-0.489489030555638,-0.00167557999919865,0
0.68 sec,0,0,0,-0.492811494370092,-4.36760003164061e-13,0
0.69 sec,0,0,0,-0.489453882728322,6.45418614386717e-13,0
0.7 sec,0,0,0,-0.492842205716205,-7.02537854280205e-13,0
0.71 sec,0,0,0,-0.489424714656235,6.60644282335365e-13,0
0.72 sec,0,0,0,-0.492880339391575,-7.17729695121072e-13,0
0.73 sec,0,0,0,-0.489386759157528,6.73506389547995e-13,0
0.74 sec,0,0,0,-0.492914068016521,-7.30580526631108e-13,0
0.75 sec,0,0,0,-0.489354615917013,6.87529026766054e-13,0
0.76 sec,0,0,0,-0.492949860024455,-7.44597959678739e-13,0
0.77 sec,0,0,0,-0.489319576501004,7.00381592999566e-13,0
0.78 sec,0,0,0,-0.492983246369723,-7.56279587565967e-13,0
0.79 sec,0,0,0,-0.489290111914803,7.1323329187134e-13,0
0.8 sec,0,0,0,-0.493016117984652,-7.70297020613597e-13,0
0.81 sec,0,0,0,-0.489255378907124,7.26085858104852e-13,0
0.82 sec,0,0,-1.8976598070708e-17,-0.493049445183202,-7.8082939419799e-13,0
0.83 sec,0,0,-0.00170926,-0.489228519660385,-0.00170925999909247,0
0.84 sec,0,0,-0.00167558,-0.493076710479401,-0.00167558000036689,0
0.85 sec,0,0,0,-0.48919706053476,1.00466510111197e-12,0
0.86 sec,0,0,0,-0.493112434527172,-8.06512842621565e-13,0
0.87 sec,0,0,0,-0.489164697008975,7.62299078027606e-13,0
0.88 sec,0,0,-0.00170084,-0.493142876930715,-0.00170084000064694,0
0.89 sec,0,0,-0.00170084,-0.489138100239398,-0.00170083999880033,0
0.9 sec,0,0,-0.00170084,-0.493167399137258,-0.00170084000039953,0
0.91 sec,0,0,0,-0.489112175765616,1.04121745947428e-12,0
0.92 sec,0,0,0,-0.493197197112665,-8.39221053761108e-13,0
0.93 sec,0,0,0,-0.489083078577956,7.95015095422791e-13,0
0.94 sec,0,0,0,-0.493227252940151,-8.48562539679243e-13,0
0.95 sec,0,0,0,-0.489059156995066,8.03197786058973e-13,0
0.96 sec,0,0,0,-0.493248904053541,-8.60242432842995e-13,0
0.97 sec,0,0,0,-0.489030914444663,8.16052087015962e-13,0
0.98 sec,0,0,0,-0.493281577028968,-8.7075659183089e-13,0
0.99 sec,0,0.00109,0,-0.489004130721546,8.25400511828001e-13,0
1 sec,0,0.00208,0,-0.493306102598333,-8.80101547195977e-13,0
1.01 sec,0,0.00304,0,-0.488980811511962,8.34747201916564e-13,0
1.02 sec,0,0.00397,0,-0.49333025222108,-8.8944823728454e-13,0
1.03 sec,0,0.00487,0,-0.488957532943228,8.44095626728603e-13,0
1.04 sec,0,0.00571,0,-0.493354455633419,-8.9996066154896e-13,0
1.05 sec,0,0.00651,0,-0.488931588684278,8.53442316817166e-13,0
1.06 sec,0,0.00724,0,-0.493378856163157,-9.08138148014714e-13,0
1.07 sec,0,0.00791,0,-0.488910961867855,8.62790741629205e-13,0
1.08 sec,0,0.00851,0,-0.493402721976036,-9.17483103379801e-13,0
1.09 sec,0,0.00903,0,-0.488887726234857,8.72137431717768e-13,0
1.1 sec,0,0.00948,0,-0.49342688389196,-9.26828058744888e-13,0
1.11 sec,0,0.00985,0,-0.488864467237819,8.81485856529807e-13,0
1.12 sec,0,0.01015,-0.001684,-0.493451053379052,-0.00168400000076777,0
1.13 sec,0,0.01032,-0.00170084,-0.488841161832762,-0.00170083999868487,0
1.14 sec,0,0.01047,-0.00170084,-0.493472533873112,-0.00170084000051635,0
1.15 sec,0,0.01054,-0.00170083999999996,-0.488820786586423,-0.00170083999867417,0
1.16 sec,0,0.01053,0,-0.49349369272023,-6.94604096462825e-13,0
1.17 sec,0,0.01044,0,-0.488800549800684,9.08280395339744e-13,0
1.18 sec,0,0.01028,-0.00170084,-0.493520184379906,-0.00170084000079178,0
1.19 sec,0,0.01006,0,-0.488777033154652,1.1744511613232e-12,0
1.2 sec,0,0.00977,0,-0.493541700467008,-9.70064306660134e-13,0
1.21 sec,0,0.00944,0,-0.488756615144414,9.23552900822244e-13,0
1.22 sec,0,0.00906,0,-0.493560232595441,-9.78229650061557e-13,0
1.23 sec,0,0.00863,0,-0.488736540489482,9.31730387287999e-13,0
1.24 sec,0,0.00817,0,-0.493581375943884,-9.86405401803836e-13,0
1.25 sec,0,0.00769,0,-0.488716271391224,9.41078812100038e-13,0
1.26 sec,0,0.00718,0,-0.493605187278546,-9.94582888269591e-13,0
1.27 sec,0,0.00665,0,-0.488695696455895,9.49258033289269e-13,0
1.28 sec,0,0.00612,0,-0.493626333151331,-1.00159290583601e-12,0
1.29 sec,0,0.00558,0,-0.488677994461894,9.56268050855691e-13,0
1.3 sec,0,0.00504,0,-0.493644576675369,-1.00977039230177e-12,0
1.31 sec,0,0.00452,0,-0.488657907627411,9.63279803145589e-13,0
1.32 sec,0,0.00401,0,-0.493663093568556,-1.01794787876752e-12,0
1.33 sec,0,0.00351,0,-0.488637797012371,9.70291555435487e-13,0
1.34 sec,0,0.00304,0,-0.493681557325457,-1.02495616161047e-12,0
1.35 sec,0,0.00259,0,-0.488620417199411,9.78472511348194e-13,0
1.36 sec,0,0.00217,0,-0.493702420672805,-1.03313364807622e-12,0
1.37 sec,0,0.00179,0,-0.488600200425055,9.87819201436757e-13,0
1.38 sec,0,0.00149999999999999,-3.79531961414159e-17,-0.493726187461181,-1.04018182955912e-12,0
1.39 sec,0,0.00116999999999999,-0.00170926,-0.488582263704473,-0.00170925999883424,0
1.4 sec,0,0.000879999999999993,-0.00170083999999996,-0.49374447439214,-0.00170084000061899,0
1.41 sec,0,0.00058,0,-0.488562246269439,1.26085947238508e-12,0
1.42 sec,0,0.00038,-0.00170084,-0.493765583328928,-0.00170084000088526,0
1.43 sec,0,0.0002,0,-0.488544513251373,1.26676967526773e-12,0
1.44 sec,0,0,0,-0.493781089449195,-1.06118759612972e-12,0
1.45 sec,0,0,0,-0.488529986394046,1.01470047642049e-12,0
1.46 sec,0,0,-0.00170084,-0.493796239568089,-0.00170084000089693,0
1.47 sec,0,0,0,-0.488515436443401,1.27729944676691e-12,0
1.48 sec,0,0,0,-0.493808689797975,-1.07170175511762e-12,0
1.49 sec,0,0,0,-0.488503754703664,1.02288490178015e-12,0
1.5 sec,0,0,-0.00170084,-0.493818114344213,-0.00170084000090511,0
1.51 sec,0,0,0,-0.488495029958697,1.28431293378028e-12,0
1.52 sec,0,0,0,-0.493827208110709,-1.07871177268404e-12,0
1.53 sec,0,0.0001,0,-0.48848627806589,1.02872918517072e-12,0
1.54 sec,0,0.0002,0,-0.493833600558967,-1.08103283269489e-12,0
1.55 sec,0,0.00032,0,-0.488480511116629,1.03222812242176e-12,0
1.56 sec,0,0.00044,0,-0.493842363789155,-1.08453697411637e-12,0
1.57 sec,0,0.00056,0,-0.48847185041206,1.03573226384324e-12,0
1.58 sec,0,0.00069,0,-0.493851389567835,-1.08687364663851e-12,0
1.59 sec,0,0.00081,0,-0.488465833220919,1.03923813998819e-12,0
1.6 sec,0,0.00094,0,-0.49386018059509,-1.09037778805998e-12,0
1.61 sec,0,0.00106,0,-0.488457171699132,1.04274228140966e-12,0
1.62 sec,0,0.00117,0,-0.493869207099601,-1.09271446058212e-12,0
1.63 sec,0,0.00126,0,-0.488451036353006,1.04391148503247e-12,0
1.64 sec,0,0.00136,0,-0.493872728334288,-1.0962186020036e-12,0
1.65 sec,0,0.00145,0,-0.488442938810993,1.04858656480022e-12,0
1.66 sec,0,0.00153,0,-0.493884401373889,-1.09972447814854e-12,0
1.67 sec,0,0.00162,0,-0.488434003571872,1.05209244094517e-12,0
1.68 sec,0,0.00167,0,-0.493893458815533,-1.10206115067069e-12,0
1.69 sec,0,0.00172,0,-0.488427806311183,1.05209244094517e-12,0
1.7 sec,0,0.00176,0,-0.493894153240511,-1.10206115067069e-12,0
1.71 sec,0,0.00178,0,-0.488427741684899,1.05209244094517e-12,0
1.72 sec,0,0.0018,0,-0.493894159430377,-1.10206115067069e-12,0
1.73 sec,0,0.00181,0,-0.488427741351235,1.05209244094517e-12,0
1.74 sec,0,0.00181,-0.00170084,-0.493894159350341,-0.00170084000093198,0
1.75 sec,0,0.00181,0,-0.488427741385742,1.31002153569426e-12,0
1.76 sec,0,0.0018,0,-0.493894159334534,-1.10207849790545e-12,0
1.77 sec,0,0.00179,0,-0.488427741389964,1.05209937983908e-12,0
1.78 sec,0,0.00178,0,-0.493894159332859,-1.10206115067069e-12,0
1.79 sec,0,0.00178,-0.00170926,-0.488427741390398,-0.00170925999877698,0
1.8 sec,0,0.00177,0,-0.493894094900153,-8.41687830543947e-13,0
1.81 sec,0,0.00177,0,-0.48843041514699,1.05200917421833e-12,0
1.82 sec,0,0.00178,0,-0.493893857131993,-1.10205247705331e-12,0
1.83 sec,0,0.00179,0,-0.488427709876169,1.05090415536413e-12,0
1.84 sec,0,0.00181,0,-0.493891456675372,-1.10089194704788e-12,0
1.85 sec,0,0.00185,0,-0.488430606522957,1.05091803315194e-12,0
1.86 sec,0,0.00189,0,-0.493891130625525,-1.10089194704788e-12,0
1.87 sec,0,0.00194,0,-0.488430637211449,1.05092323732237e-12,0
1.88 sec,0,0.00199,0,-0.493891127528269,-1.10089194704788e-12,0
1.89 sec,0,0.00206,0,-0.488430637421042,1.05092323732237e-12,0
1.9 sec,2.28483898467857e-16,0.00215,0,-0.493891191961259,-1.10206115067069e-12,0
1.91 sec,0.01029,0.00224,0,-0.488428023856726,1.05209244094517e-12,0
1.92 sec,0.01131,0.00235,0,-0.493894129364267,-1.10206115067069e-12,0
1.93 sec,0.01214,0.00245,0,-0.488427743791465,1.05209244094517e-12,0
1.94 sec,0.01294,0.00255,0,-0.493894159281956,-1.10206115067069e-12,0
1.95 sec,0.01371,0.00265,0,-0.488427741344855,1.05209244094517e-12,0
1.96 sec,0.01445,0.00275,0,-0.493894159360283,-1.10206115067069e-12,0
1.97 sec,0.01515,0.00283,0,-0.488427741382691,1.05209244094517e-12,0
1.98 sec,0.01582,0.0029,-0.001684,-0.493894159335809,-0.00168400000093366,0
1.99 sec,0.01645,0.00295,-0.00170926,-0.488427741389631,-0.00170925999852161,0
2 sec,0.01705,0.00298,0,-0.49389415933299,-8.42872646678039e-13,0
2.01 sec,0.01752,0.00298,-0.00169242,-0.488427741390364,-0.00169241999877874,0
2.02 sec,0.0182,0.00295,-0.00169242,-0.493894159332703,-0.00169242000067616,0
2.03 sec,0.01864,0.00289999999999999,-0.00169242,-0.488427741390438,-0.00169241999852212,0
2.04 sec,0.0193,0.00278,-0.00169242,-0.493894159332673,-0.00169242000067618,0
2.05 sec,0.01987,0.00262,-0.00169242,-0.488427741390445,-0.00169241999852212,0
2.06 sec,0.02048,0.00242,-0.00169242,-0.493894159332671,-0.00169242000067618,0
2.07 sec,0.02113,0.00217,-0.00169242,-0.488427741390446,-0.00169241999852212,0
2.08 sec,0.02185,0.00186,-0.00169242,-0.49389415933267,-0.00169242000067618,0
2.09 sec,0.02266,0.0015,-0.00169242,-0.488427741390446,-0.00169241999852212,0
2.1 sec,0.02359,0.00108,0,-0.49389415933267,-8.45419220740773e-13,0
2.11 sec,0.02466,0.0006,-0.00169242,-0.488427741390446,-0.00169241999877877,0
2.12 sec,0.0259,0,-0.00169242,-0.49389415933267,-0.00169242000067616,0
2.13 sec,0.02734,0,-0.00169242,-0.488427741390447,-0.00169241999852212,0
2.14 sec,0.029,0,0,-0.49389415933267,-8.45417486017297e-13,0
2.15 sec,0.03093,0,0,-0.488427801676286,1.05315756115942e-12,0
2.16 sec,0.03315,0,0,-0.493896858989746,-1.10322168067611e-12,0
2.17 sec,0.0357,0,0,-0.488424876570098,1.05323388899237e-12,0
2.18 sec,0.03861,0,0,-0.49389718810877,-1.10322688484654e-12,0
2.19 sec,0.04191,0,0,-0.48842484563949,1.05325470567408e-12,0
2.2 sec,0.04564,0,0,-0.493897191212004,-1.10322861957002e-12,0
2.21 sec,0.04983,0,0,-0.488424845434333,1.05325990984451e-12,0
2.22 sec,0.05451,0,0,-0.493897191193007,-1.10322861957002e-12,0
2.23 sec,0.05971,0,0,-0.488424845445773,1.05326164456798e-12,0
2.24 sec,0.06546,0,0,-0.49389719118744,-1.10322861957002e-12,0
2.25 sec,0.07179,0,0,-0.488424845447278,1.05326164456798e-12,0
2.26 sec,0.0772800000000004,0,-0.00170083999999992,-0.49389719118684,-0.00170084000093307,0
2.27 sec,0.08626,0,0,-0.488424845447433,1.31118900459359e-12,0
2.28 sec,0.0927700000000005,0,0,-0.493897191186779,-1.10324596680478e-12,0
2.29 sec,0.1033,0,0,-0.488424845447449,1.05326858346189e-12,0
2.3 sec,0.110870000000001,0,0,-0.493897191186773,-1.10323035429349e-12,0
2.31 sec,0.12301,0,0,-0.48842484544745,1.05326337929146e-12,0
2.32 sec,0.13389,0,-9.262e-05,-0.493897191186772,-9.26200010939668e-05,0
2.33 sec,0.14546,0,-0.00010104,-0.488424845447451,-0.000101039998922589,0
2.34 sec,0.15771,0,-8.42e-05,-0.493897191186772,-8.42000010794867e-05,0
2.35 sec,0.17064,0,-0.00170926,-0.48842484544745,-0.00170925999876305,0
2.36 sec,0.18425,0,-0.00171768,-0.493897191186772,-0.00171768000067226,0
2.37 sec,0.19852,0,-0.0017261,-0.48842484544745,-0.00172609999851373,0
2.38 sec,0.21344,0,-0.00177662,-0.487330689685799,-0.00177661999995287,0
2.39 sec,0.22899,0,-0.00179346,-0.481613376709857,-0.00179345999778861,0
2.4 sec,0.24515,0,0.002206465,-0.480851689611435,0.00220646500037096,0
2.41 sec,0.2619,0,0.003797845,-0.475009528990408,0.00379784500175928,0
2.42 sec,0.27922,0,0.003781005,-0.480499987848925,0.00378100499936578,0.0399
2.43 sec,0.29708,0,0.003772585,-0.475042921895073,0.0037725850015232,0.10159
2.44 sec,0.31545,0,0.002122265,-0.480496326713717,0.00212226499953549,0.1414
2.45 sec,0.33432,0,0.002113845,-0.220445867370036,0.00211384502995771,0.17377
2.46 sec,0.35365,0,0.003747325,-0.216681137344625,0.00374732502763725,0.20065
2.47 sec,0.37341,0,0.22384411,0.0991795816591785,0.223844110041608,0.21801
2.48 sec,0.39359,0,0.22384411,0.104394931234207,0.223844110020419,0.22308
2.49 sec,0.41414,0,0.22381885,0.105394476438816,0.223818850013561,0.228
2.5 sec,0.43506,0,0.26923892,0.26807741131936,0.269238920027704,0.24383
2.51 sec,0.452050000000001,0,0.267597020000006,0.274529934022709,0.267597020024748,0.263230000000002
2.52 sec,0.47791,0,0.369027905,0.408273153878884,0.369027905028333,0.30221
2.53 sec,0.495390000000001,0,0.369027905,0.418475050711601,0.369027905021867,0.329680000000001
2.54 sec,0.52197,0,0.368985805,0.414359577469046,0.368985805017888,0.35037
2.55 sec,0.539910000000001,4.44089209850063e-18,0.393563485000005,0.542958713049115,0.393563485028383,0.362490000000002
2.56 sec,0.56715,0.0001,0.47064084,0.640354822856004,0.470640840032248,0.40939
2.57 sec,0.59015,0.00072,0.4722659,0.5678318289023,0.472265900026004,0.45086
2.58 sec,0.61341,0.00126,0.47061558,0.571691613940803,0.470615580023094,0.46412
2.59 sec,0.63693,0.00172,0.500936125,0.749123602734759,0.500936125037078,0.47694
2.6 sec,0.66073,0.00208,0.572262195,0.686106697811133,0.572262195034634,0.51214
2.61 sec,0.68481,0.00234,0.572279035,0.672911335640414,0.572279035027267,0.55253
2.62 sec,0.70917,0.0025,0.596991435,0.797809057129229,0.596991435031448,0.577
2.63 sec,0.73385,0.00256,0.659140515,0.80975502799067,0.659140515032452,0.59988
2.64 sec,0.75884,0.00253,0.659148825,0.756447227995699,0.659148825027656,0.62837
2.65 sec,0.78418,0.00239,0.681761905,0.86265060449399,0.681761905031305,0.65838
2.66 sec,0.80987,0.00215,0.732601635,0.885833483927887,0.732601635032713,0.68836
2.67 sec,0.83595,0.00182,0.732609945,0.840261929924191,0.732609945028371,0.71638
2.68 sec,0.86243,0.0014,0.755189785,0.961762974921294,0.755189785033768,0.73895
2.69 sec,0.88942,0.00089,0.798123915,0.926069422857284,0.798123915030873,0.76077
2.7 sec,0.91671,0.00031,0.811691,0.988065550306479,0.811691000033958,0.78499
2.71 sec,0.94454,0,0.868238925,1.03352919822426,0.868238925034571,0.8111
2.72 sec,0.97288,0,0.869859375,0.983761022608821,0.869859375030126,0.83934
2.73 sec,1.00173,0,0.94167042,1.1672522580993,0.941670420037834,0.87022
2.74 sec,1.03113,0,0.94329087,1.05099932054359,0.943290870032429,0.90526
2.75 sec,1.06108,0,0.98847837,1.18947602775318,0.988478370038328,0.94247
2.76 sec,1.08548,0,1.01107212,1.1492398688529,1.01107212003678,0.973280000000002
2.77 sec,1.12272,0,1.028015625,1.22895355897042,1.0280156250386,1.01758
2.78 sec,1.14806,0,1.090150245,1.24221591021152,1.09015024503732,1.0407
2.79 sec,1.18675,0,1.1296875,1.30711151743171,1.12968750003907,1.07463
2.8 sec,1.21307,0,1.157931495,1.28720564964377,1.15793149503509,1.10445
2.81 sec,1.25322,0,1.23135936293268,1.41513612623891,1.231359362969,1.1538
2.82 sec,1.28737,0,1.231359375,1.36528872829139,1.2313593750324,1.19332
2.83 sec,1.32213,0,1.29349394060858,1.47320714022962,1.29349394064269,1.23276
2.84 sec,1.35748,0,1.3048989,1.42518695570826,1.30489890003414,1.27261
2.85 sec,1.39343,0,1.34987034,1.46713923519216,1.34987034003262,1.31137
2.86 sec,1.42994,0,1.4122271530457,1.53221373106338,1.4122271530809,1.34719
2.87 sec,1.46701,0,1.41763497,1.47708728101834,1.41763497003277,1.38181
2.88 sec,1.50461,0,1.470361780818,1.56043382893085,1.47036178085212,1.41556
2.89 sec,1.54274,0,1.524920235,1.57906424299467,1.52492023503309,1.45047
2.9 sec,1.58133,0,1.524920235,1.57273383682711,1.52492023502523,1.48992
2.91 sec,1.62039,0,1.58176431398119,1.63674366043627,1.58176431400294,1.53132
2.92 sec,1.65989,0,1.6382402201674,1.68154835926042,1.63824022018488,1.57293
2.93 sec,1.6998,0,1.66611367600103,1.69369421358917,1.66611367601211,1.6142
2.94 sec,1.74009,0,1.69470763077752,1.72330509495012,1.6947076307852,1.65315
2.95 sec,1.78072,0,1.74550319758539,1.77499891282651,1.74550319759155,1.69234
2.96 sec,1.82166,0,1.80200433890203,1.82931178161735,1.80200433890693,1.73381
2.97 sec,1.8629,0,1.8527962748762,1.88282108857652,1.85279627488064,1.77756
2.98 sec,1.9044,0,1.87514583652104,1.89705418886405,1.87514583652442,1.82781
2.99 sec,1.94615,0,1.91472870716796,1.93599072030818,1.91472870717092,1.87462
3 sec,1.98808,0,1.94880446703324,1.96489281501775,1.94880446703556,1.90613
3.01 sec,2.02177,0,1.95427427443127,1.99062051907384,1.9542742744354,1.93012
3.02 sec,2.0725,0,2.04473333208332,2.07989165624091,2.04473333208805,1.98191
3.03 sec,2.10644,0,2.06168044343945,2.07352064935842,2.06168044344143,2.02204
3.04 sec,2.1575,0,2.14075843990637,2.17516759600219,2.14075843991013,2.08072
3.05 sec,2.19163,0,2.14075843990637,2.15444154859223,2.14075843990831,2.11949
3.06 sec,2.24294,0,2.23113327016369,2.25391827066119,2.23113327016627,2.17417
3.07 sec,2.27722,0,2.23113327016369,2.23793648381973,2.23113327016465,2.20876
3.08 sec,2.32874,0,2.28196724104833,2.32322773066329,2.28196724105257,2.25594
3.09 sec,2.37174,0,2.35539868749176,2.37306463378493,2.35539868749404,2.29525
3.1 sec,2.41482,0,2.40623264251146,2.41580713139506,2.40623264251257,2.34137
3.11 sec,2.45796,0,2.44577348404203,2.45584849253594,2.4457734840431,2.38901
3.12 sec,2.50117,0,2.48531055834986,2.49883366872394,2.48531055835126,2.43422
3.13 sec,2.54445,0,2.53049802304713,2.53790523619378,2.53049802304791,2.47755
3.14 sec,2.5878,0,2.56438862157008,2.56858650596208,2.56438862157051,2.51775
3.15 sec,2.63123,0,2.60957608626736,2.61311402105203,2.60957608626771,2.55659
3.16 sec,2.67474,0,2.64911692537605,2.65050548309388,2.64911692537619,2.59471
3.17 sec,2.71834,0,2.68300962,2.70563722254257,2.68300962000226,2.63393
3.18 sec,2.76204,0,2.722546875,2.75343127367683,2.72254687500299,2.67663
3.19 sec,2.80587,0,2.801625,2.80536118160728,2.8016250000002,2.72278
3.2 sec,2.84975,0,2.835515625,2.8389449822429,2.83551562500031,2.77721
3.21 sec,2.89378,0,2.87505424886241,2.87345863271177,2.87505424886221,2.8283
3.22 sec,2.93795,0.00023,2.86940400827666,2.91742491924927,2.86940400828148,2.86193
3.23 sec,2.98224,0.00062,2.98223795001983,2.98038028335661,2.98223795001916,2.89545
3.24 sec,3.02667,0.00098,3.010702095,3.01293761775272,3.01070209500025,2.94639
3.25 sec,3.07124,0.00131,3.05569464765149,3.06599725120046,3.05569464765248,3.00256
3.26 sec,3.10704,0.00155000000000002,3.07850730000013,3.0897142265422,3.07850730000107,3.04289
3.27 sec,3.16084,0.00189,3.15737034,3.14974798120775,3.15737033999905,3.10091
3.28 sec,3.19689,0.00209000000000001,3.18561903,3.19214611937875,3.1856190300008,3.13839
3.29 sec,3.25107,0.00237,3.242286225,3.24789734741084,3.24228622500044,3.1927
3.3 sec,3.28735,0.00253000000000001,3.24220312500001,3.2757325720446,3.24220312500324,3.22668
3.31 sec,3.34189,0.00275,3.36081910265435,3.34532642440311,3.36081910265212,3.27879
3.32 sec,3.37843,0.00288000000000001,3.36646572758481,3.37252362546516,3.36646572758579,3.32126
3.33 sec,3.43334,0.00304,3.42859981522464,3.42701575018393,3.42859981522434,3.38629
3.34 sec,3.47929,0.00315,3.4794375,3.47598845499354,3.47943749999969,3.42952
3.35 sec,3.52539,0.00324,3.50203125,3.51862580928676,3.50203125000175,3.47111
3.36 sec,3.57162,0.00331,3.58675563851822,3.57309590092928,3.58675563851641,3.51614
3.37 sec,3.61799,0.00336,3.615,3.62092815214872,3.61500000000098,3.56404
3.38 sec,3.66449,0.00338,3.694078125,3.68200279765561,3.69407812499862,3.61903
3.39 sec,3.7111,0.00338,3.716671875,3.7236800253023,3.71667187500107,3.67285
3.4 sec,3.75783,0.00335,3.733618995,3.76143061452789,3.73361899500256,3.71516
3.41 sec,3.80467,0.00329,3.79010337,3.79989654961582,3.7901033700001,3.75694
3.42 sec,3.85162,0.0032,3.87482297748572,3.86428354600695,3.87482297748435,3.8076
3.43 sec,3.89865,0.00308,3.93130727744907,3.91509712282057,3.9313072774478,3.86189
3.44 sec,3.94578,0.00293,3.97084776633304,3.95619033111345,3.97084776633214,3.91868
3.45 sec,3.99299,0.00274,4.02168182459593,4.0056993887009,4.02168182459485,3.97249
3.46 sec,4.04027,0.0025,4.06122263879587,4.05020093872339,4.06122263879535,4.01423
3.47 sec,4.08764,0.00223,4.12900379314299,4.11034310302399,4.12900379314153,4.05606
3.48 sec,4.13508,0.00191,4.17983749507438,4.16026593037193,4.17983749507313,4.11123
3.49 sec,4.18259,0.00154,4.21938462,4.20717427977866,4.21938461999954,4.1696
3.5 sec,4.23019,0.00112,4.26456573828264,4.25413149936423,4.26456573828208,4.22373
3.51 sec,4.26828,0.000739999999999972,4.281515625,4.28360071143525,4.28151562500063,4.26403
3.52 sec,4.32552,0.00011,4.36059375,4.33625030242433,4.36059374999748,4.31359
3.53 sec,4.36374,0,4.38883087010691,4.37082570335916,4.38883087010612,4.34435
3.54 sec,4.42115,0,4.45096177778182,4.42475700856928,4.45096177777995,4.3971
3.55 sec,4.45948,0,4.47920572853903,4.46181393247291,4.47920572853841,4.43519
3.56 sec,4.51708,0,4.55263308491868,4.52377159931064,4.55263308491653,4.49869
3.57 sec,4.55553,0,4.57522679749892,4.56223866145831,4.57522679749889,4.54259
3.58 sec,4.61333,0,4.65430479152977,4.6153215003233,4.65430479152644,4.60164
3.59 sec,4.6616,0,4.69939074316162,4.66713538214565,4.69939074316014,4.64961
3.6 sec,4.70997,0,4.75607709940154,4.71945016411348,4.75607709939934,4.7001
3.61 sec,4.75844,0,4.81246033564147,4.77499234014822,4.8124603356394,4.75232
3.62 sec,4.80704,0,4.85200962,4.82466958839408,4.85200961999901,4.81014
3.63 sec,4.85575,0,4.87460337,4.86180125640038,4.87460337000002,4.86321
3.64 sec,4.90461,0,4.931087745,4.9050490972265,4.931087744998,4.89863
3.65 sec,4.9536,0,4.99321875,4.96645065636861,4.99321874999857,4.93434
3.66 sec,5.00275,0,5.05535337,5.01443397130376,5.05535336999721,4.99039
3.67 sec,5.05205,0,5.10617759170167,5.06540159903325,5.10617759169961,5.05324
3.68 sec,5.10153,0,5.17395829832795,5.12081303822289,5.17395829832465,5.10995
3.69 sec,5.15118,0,5.21350962,5.1764467812001,5.21350961999897,5.16475
3.7 sec,5.201,0,5.26434375,5.2282088559688,5.26434374999827,5.21669
3.71 sec,5.25101,0,5.32646706828219,5.27879773270035,5.32646706827927,5.26875
3.72 sec,5.30122,0,5.37165447240339,5.33057701272009,5.37165447240175,5.32613
3.73 sec,5.35162,0,5.41685337,5.37958442384074,5.41685336999842,5.38194
3.74 sec,5.40223,0,5.473337745,5.43080980607437,5.47333774499771,5.42782
3.75 sec,5.45302,0,5.52980981034404,5.48377984800135,5.52980981034169,5.47401
3.76 sec,5.49384,0,5.55805012747957,5.52543583890104,5.55017137184989,5.51956
3.77 sec,5.55521,0,5.64842492630037,5.58652855660336,5.59977627457596,5.59228
3.78 sec,5.59635,0,5.66537200857525,5.63141681722789,5.63860479941206,5.6371
3.79 sec,5.65822,0,5.744462745,5.6934230285482,5.69732391355089,5.70264
3.8 sec,5.69964,0,5.772703125,5.73798895748936,5.74013627841572,5.74672
3.81 sec,5.76193,0,5.84612098214246,5.79447785229334,5.79566262764706,5.81156
3.82 sec,5.80366,0,5.87436129626333,5.83278919444407,5.83345169338605,5.8526
3.83 sec,5.86636,0,5.947806495,5.88805440314013,5.88842482367404,5.91238
3.84 sec,5.91882,0,6.015587745,5.94567185087503,5.94588033935547,5.96097
3.85 sec,5.97142,0,6.066421875,6.00508051757121,6.00519868170011,6.01115
3.86 sec,6.02415,0,6.11725962,6.06223723940698,6.06230476087635,6.06776
3.87 sec,6.07701,0,6.18504087,6.11630006181574,6.11633895197724,6.12649
3.88 sec,6.12998,0,6.235875,6.17259331196907,6.17261584296189,6.18381
3.89 sec,6.18306,0,6.286712745,6.22729825830078,6.22731140383185,6.24031
3.9 sec,6.23618,0,6.33188547394885,6.2813996734633,6.28140739248732,6.29474
3.91 sec,6.2894,0,6.38271948536304,6.33682237076274,6.33682692917795,6.349
3.92 sec,6.34268,0,6.43920441598242,6.39006009465395,6.39006280448928,6.40523
3.93 sec,6.39599,0,6.5126357475203,6.44255176981562,6.44255339020118,6.46154
3.94 sec,6.44935,0,6.54087606465583,6.5000629741531,6.50006394713163,6.51632
3.95 sec,6.50273,0,6.60301054634111,6.55212434537475,6.5521249338667,6.5706
3.96 sec,6.55612,0,6.66514141303443,6.60398552249052,6.60398588029781,6.62522
3.97 sec,6.60952,0,6.70469712,6.65493441599329,6.65493463469388,6.6793
3.98 sec,6.66291,0,6.76681306170784,6.70533661948512,6.70533675382996,6.73196
3.99 sec,6.71628,0,6.77810991156044,6.75150486672906,6.75150494972963,6.78401
4 sec,6.76964,0,6.87413494280352,6.80691495735678,6.80691500874007,6.83576
4.01 sec,6.82298,0,6.93626580949685,6.86100736588266,6.86100739786245,6.88786
4.02 sec,6.86567,0,6.95322837000001,6.90257349785761,6.9025735179148,6.93052
4.03 sec,6.91891,0,6.99841587,6.94954426562417,6.9495442782333,6.98464
4.04 sec,6.98282,0,7.10007118192175,7.00556371474861,7.00556372269179,7.05074
4.05 sec,7.03604,0,7.15655542515505,7.06781522845797,7.06781523347877,7.10751
4.06 sec,7.07864,0,7.190462745,7.11963093468931,7.11963093788685,7.15586
4.07 sec,7.13176,0,7.23,7.16525881705024,7.16525881909821,7.2171
4.08 sec,7.19553,0.00028,7.31470902255199,7.22505852087863,7.22505852219179,7.28639
4.09 sec,7.24865,0.00039,7.35991587,7.28176066048956,7.28176066133639,7.34006
4.1 sec,7.30174,0.00035,7.416400245,7.33681679818631,7.33681679873546,7.38549
4.11 sec,7.35483,0.00016,7.43896999830607,7.388481802306,7.38848180266382,7.43144
4.12 sec,7.40792,0,7.5349893669928,7.44471482622013,7.44471482645493,7.4891
4.13 sec,7.46099,0,7.5915,7.50085964774403,7.50085964789928,7.54974
4.14 sec,7.51408,0,7.65363462,7.55894130049877,7.55894130060241,7.606
4.15 sec,7.56717,0,7.67619763094782,7.60714360877175,7.60714360884146,7.66032
4.16 sec,7.62028,0,7.76092003852815,7.66628309567543,7.66628309572323,7.71041
4.17 sec,7.67341,0,7.80610734588493,7.72209150381451,7.72209150384778,7.76313
4.18 sec,7.72657,0,7.873921875,7.77713474689738,7.77713474692133,7.83305
4.19 sec,7.7798,0,7.90213101791816,7.82441833276553,7.824418332783,7.90138
4.2 sec,7.83299,0,7.9812075989588,7.88101909536031,7.88101909537386,7.94778
4.21 sec,7.88626,0,8.03204149714517,7.93722121735137,7.93722121736224,7.99211
4.22 sec,7.93958,0,8.07158218683104,7.98995959725694,7.9899595972658,8.04935
4.23 sec,7.99294,0,8.13371290850144,8.04516980764066,8.04516980764831,8.10962
4.24 sec,8.04636,0,8.207181495,8.09946853913252,8.09946853913974,8.16499
4.25 sec,8.09983,0,8.22408749637368,8.14946061769808,8.14946061770441,8.21975
4.26 sec,8.15335,0,8.2862218330276,8.20693464282822,8.20693464283406,8.27688
4.27 sec,8.19621000000001,0,8.33140912696373,8.25513488947408,8.25513488947954,8.32199
4.28 sec,8.26058,0,8.39353984863413,8.30644316719583,8.30644316720126,8.38291
4.29 sec,8.31428,0,8.46697100877208,8.36120552274763,8.36120552275341,8.43315
4.3 sec,8.36804,0,8.51780490695845,8.41169872520315,8.4116987252092,8.49017
4.31 sec,8.41109000000001,0,8.55169537741055,8.45652247816712,8.45652247817318,8.53722
4.32 sec,8.47572,0,8.61947631831472,8.51577376231553,8.51577376232176,8.60471
4.33 sec,8.52965,0,8.66466361225084,8.5677318915019,8.56773189150815,8.65884
4.34 sec,8.58363,0,8.732484375,8.6223603923622,8.62236039236874,8.70883
4.35 sec,8.62684000000001,0,8.75507812500001,8.67019815508634,8.67019815509261,8.74848000000001
4.36 sec,8.69172,0,8.845453125,8.72787796090764,8.72787796091438,8.81433
4.37 sec,8.74583,0,8.87365665419715,8.7837218938362,8.78372189384275,8.87058
4.38 sec,8.79998,0,8.92453125,8.83640685555211,8.83640685555852,8.92337
4.39 sec,8.85419,0,8.98666587,8.88647181498158,8.88647181498816,8.97566
4.4 sec,8.90836,0,9.06009375,8.94388606335255,8.94388606335957,9.02907
4.41 sec,8.96259,0,9.12222837,8.9990374936841,8.99903749369161,9.08331
4.42 sec,9.01683,0,9.156118995,9.05056574776693,9.05056574777446,9.13739
4.43 sec,9.07107,0,9.22950478645233,9.10450005015436,9.10450005016232,9.19449
4.44 sec,9.12531,0,9.29164051453347,9.16362586216045,9.16362586216882,9.26315
4.45 sec,9.17956,0,9.291681495,9.21319036075199,9.21319036075967,9.32949
4.46 sec,9.23378,0,9.37636627653328,9.26864379801613,9.26864379802395,9.37786
4.47 sec,9.28797,0,9.46109538280963,9.32287707413003,9.32287707413861,9.42401
4.48 sec,9.34214,0,9.47239356314702,9.37719963937757,9.37719963938582,9.47989
4.49 sec,9.39626,0,9.54582248791396,9.43378373609132,9.43378373609971,9.53811
4.5 sec,9.45036,0,9.60230796736836,9.48528770318272,9.48528770319132,9.59418
4.51 sec,9.50435,0,9.65314682851536,9.53818477094105,9.53818477094979,9.64842
4.52 sec,9.54756000000001,0,9.67574049737675,9.58126383684826,9.58126383685671,9.68862000000001
4.53 sec,9.61218,0,9.75481937630672,9.63653759749047,9.63653759749921,9.74845
4.54 sec,9.66598,0,9.81695016479272,9.69114630889131,9.69114630890045,9.80671
4.55 sec,9.71969,0,9.84522837,9.74227119880976,9.74227119881872,9.86207
4.56 sec,9.76264,0,9.86782212000002,9.78318426758842,9.78318426759689,9.89425
4.57 sec,9.82682,0,9.99770212432579,9.84215368880129,9.84215368881095,9.94146
4.58 sec,9.88023,0,10.0202958014429,9.89443540233674,9.89443540234665,10.0032
4.59 sec,9.93354,0,10.1050238981263,9.94943632125326,9.94943632126404,10.07016
4.6 sec,9.97615000000001,0,10.0880768327943,9.993791442622,9.99379144263213,10.11453
4.61 sec,10.03982,0,10.18413462,10.0502150656665,10.0502150656771,10.17784
4.62 sec,10.0928,0,10.246265625,10.1091622669925,10.1091622670034,10.23363
4.63 sec,10.14566,0,10.29710337,10.1615652586544,10.1615652586656,10.28965
4.64 sec,10.19843,0,10.359234375,10.2180606312323,10.2180606312439,10.34443
4.65 sec,10.25109,0,10.41007212,10.2729215461205,10.2729215461323,10.39871
4.66 sec,10.30365,0,10.472203125,10.327415416135,10.3274154161472,10.4523
4.67 sec,10.35611,0,10.534337745,10.3806938607679,10.3806938607806,10.50668
4.68 sec,10.4085,0,10.585171875,10.4372843440482,10.4372843440612,10.5641
4.69 sec,10.46082,0,10.652953125,10.4941528268929,10.4941528269064,10.62282
4.7 sec,10.51308,0,10.692493995,10.5505196624413,10.5505196624548,10.68213
4.71 sec,10.56528,0,10.77157212,10.6049789462873,10.6049789463014,10.74068
4.72 sec,10.61745,0,10.788515625,10.6586518565385,10.6586518565523,10.79678
4.73 sec,10.66958,0,10.8280253102123,10.7141910205452,10.7141910205583,10.8507
4.74 sec,10.72171,0,10.8901561362751,10.7660354038772,10.7660354038901,10.90128
4.75 sec,10.77383,0,10.9579371910651,10.8182620317222,10.8182620317354,10.95116
4.76 sec,10.82597,0,10.9974779471875,10.8659367145865,10.8659367145997,11.00446
4.77 sec,10.86769,0,11.0087747896525,10.9050796536632,10.9050796536758,11.04619
4.78 sec,10.93035,0,11.0991495293726,10.9555284856132,10.9555284856263,11.09713
4.79 sec,10.98263,0,11.1612803554354,11.0120815853938,11.0120815854075,11.14182
4.8 sec,11.03493,0,11.22909375,11.0685299019507,11.0685299019651,11.22018
4.81 sec,11.07684,0,11.22344712,11.1079035265564,11.1079035265703,11.28324
4.82 sec,11.13982,0,11.308171875,11.1614529671377,11.161452967152,11.32442
4.83 sec,11.19239,0,11.353359375,11.2110830671822,11.2110830671967,11.35241
4.84 sec,11.24507,0,11.398546875,11.2600289256786,11.2600289256933,11.40193
4.85 sec,11.28729,0,11.443734375,11.3039707495428,11.3039707495576,11.44729
4.86 sec,11.35075,0,11.505868995,11.3560622591759,11.3560622591912,11.50195
4.87 sec,11.40373,0,11.579296875,11.4149435765412,11.4149435765571,11.54933
4.88 sec,11.45683,0,11.6357281885507,11.4692935520683,11.4692935520849,11.61715
4.89 sec,11.51001,0,11.7373978128825,11.5296252305292,11.5296252305473,11.69094
4.9 sec,11.56329,0,11.78829087,11.5910409992708,11.5910409992899,11.75681
4.91 sec,11.61664,0,11.8390640042884,11.6507994345566,11.6507994345763,11.81745
4.92 sec,11.67006,0,11.8108199194426,11.6995883659133,11.6995883659316,11.86922
4.93 sec,11.72353,0,11.9520282758926,11.7574424903815,11.7574424904008,11.91891
4.94 sec,11.77702,0,11.9633230941161,11.8097239105137,11.8097239105328,11.97407
4.95 sec,11.83053,0,11.9689716890104,11.8536398447557,11.8536398447738,12.02764
4.96 sec,11.88402,0,12.0762875056376,11.9043198868274,11.9043198868461,12.07329
4.97 sec,11.93746,0,12.11025,11.9540647385558,11.9540647385747,12.11664
4.98 sec,11.99083,0,12.1610132584136,12.0004833891504,12.0004833891696,12.15983
4.99 sec,12.0441,0,12.2287919379202,12.0528527361977,12.0528527362175,12.20573
5 sec,12.09723,0,12.274056495,12.1022870615791,12.1022870615993,12.26163
5.01 sec,12.15019,0,12.30794712,12.1560740513088,12.1560740513289,12.32049
5.02 sec,12.19245,0,12.324890625,12.2015336454432,12.2015336454625,12.36641
5.03 sec,12.25546,0,12.392671875,12.2478448789245,12.2478448789437,12.42892
5.04 sec,12.30769,0,12.47175,12.3001310876707,12.3001310876906,12.46511
5.05 sec,12.3596,0,12.505640625,12.3493454717789,12.3493454717989,12.50013
5.06 sec,12.40092,0,12.53953125,12.3931486948319,12.3931486948518,12.53563
5.07 sec,12.46232,0,12.62425962,12.4450754057931,12.4450754058139,12.59793
5.08 sec,12.51306,0,12.6976875,12.5008917969264,12.5008917969484,12.6627
5.09 sec,12.56346,0,12.7484317416933,12.558664475244,12.5586644752668,12.73066
5.1 sec,12.60322,0,12.7597285338371,12.6075113379546,12.607511337977,12.77801
5.11 sec,12.66233,0,12.7992654988534,12.6596473450902,12.659647345112,12.84605
5.12 sec,12.71101,0,12.934921875,12.7177528598375,12.717752859861,12.90505
5.13 sec,12.75911,0,12.8896398360033,12.766533436083,12.7665334361054,12.9605
5.14 sec,12.80658,0,13.0082579609993,12.8163260876974,12.8163260877208,13.0058
5.15 sec,12.85343,0,13.03659375,12.8673246912856,12.8673246913094,13.04935
5.16 sec,12.89963,0,13.0082579609993,12.9114291649751,12.9114291649971,13.09961
5.17 sec,12.94517,0,13.1099290902929,12.9612803881709,12.9612803881929,13.14884
5.18 sec,12.99003,0,13.1720596395967,13.0087023777163,13.0087023777388,13.18995
5.19 sec,13.03423,0,13.160859375,13.0503969124284,13.0503969124499,13.22917
5.2 sec,13.07773,0,13.206046875,13.0896211120759,13.0896211120968,13.27247
5.21 sec,13.12057,0,13.251234375,13.1289052438481,13.1289052438687,13.31277
5.22 sec,13.16274,0,13.285125,13.1679492930536,13.1679492930739,13.34347
5.23 sec,13.20425,0,13.2906777645927,13.1979684372109,13.1979684372302,13.37167
5.24 sec,13.24512,0,13.341609375,13.2344037645852,13.2344037646042,13.40247
5.25 sec,13.28538,0,13.3471617253113,13.2643281586216,13.2643281586396,13.4323
5.26 sec,13.32504,0,13.448931495,13.3037897513525,13.3037897513716,13.4565
5.27 sec,13.35636,0,13.448832854605,13.3361200551101,13.3361200551291,13.47701
5.28 sec,13.4027,0,13.52800962,13.3827175449621,13.382717544982,13.5268
5.29 sec,13.44079,0,13.6014375,13.4303391534136,13.4303391534351,13.57987
5.3 sec,13.47836,0,13.59579087,13.468092728908,13.4680927289295,13.63852
5.31 sec,13.50813,0,13.61838462,13.5044051223598,13.5044051223809,13.68325
5.32 sec,13.55234,0,13.66921875,13.5447696574641,13.5447696574853,13.72678
5.33 sec,13.5888,0,13.6917120782086,13.5782595682138,13.5782595682346,13.75716
5.34 sec,13.62497,0,13.7651430346296,13.6185413891104,13.618541389132,13.79086
5.35 sec,13.65372,0,13.75394712,13.6522218479124,13.6522218479334,13.81832
5.36 sec,13.69661,0,13.7821875,13.6915306702675,13.6915306702877,13.86037
5.37 sec,13.73218,0,13.793484375,13.7283081136192,13.7283081136379,13.89502
5.38 sec,13.76764,0,13.86691587,13.7660145220678,13.7660145220864,13.92539
5.39 sec,13.80305,0,13.89515625,13.8102809517451,13.8102809517631,13.95868
5.4 sec,13.8384,0,13.945993995,13.8525685136095,13.8525685136274,14.00879
5.41 sec,13.87379,0,13.98553125,13.8951426961776,13.8951426961953,14.06308
5.42 sec,13.90923,0,14.04766587,13.9350241327206,13.9350241327389,14.10661
5.43 sec,13.94478,0,14.1266478195297,13.9768184166286,13.9768184166486,14.1484
5.44 sec,13.98044,0,14.16628125,14.0178201286591,14.0178201286804,14.19281
5.45 sec,14.01625,0,14.1887810016447,14.0572886840807,14.0572886841026,14.23825
5.46 sec,14.05225,0,14.2283216096946,14.0970264910817,14.0970264911042,14.28681
5.47 sec,14.08844,0,14.25665625,14.1335395976041,14.1335395976269,14.33166
5.48 sec,14.12486,0,14.29619712,14.1710551128714,14.1710551128945,14.36545
5.49 sec,14.16151,0,14.279162539683,14.203706938444,14.2037069384658,14.39557
5.5 sec,14.19841,0,14.352681495,14.2384268044608,14.2384268044829,14.42476
5.51 sec,14.23555,0,14.375275245,14.2741979533873,14.2741979534092,14.45518
5.52 sec,14.26549,0,14.380921875,14.3052720839725,14.3052720839936,14.4846
5.53 sec,14.31061,0,14.4429730142139,14.3360477985001,14.3360477985215,14.53167
5.54 sec,14.34851,0,14.471296875,14.3776331444718,14.377633144493,14.56972
5.55 sec,14.38665,0,14.533431495,14.4116786607626,14.4116786607845,14.60383
5.56 sec,14.41736,0.000490000000000168,14.550375,14.441795168609,14.4417951686311,14.6235
5.57 sec,14.4636,0.00238,14.58991587,14.4774546604679,14.4774546604901,14.65208
5.58 sec,14.50236,0.00389,14.70288462,14.5205490295659,14.5205490295907,14.68814
5.59 sec,14.5413,0.00533,14.742421875,14.5731179861586,14.5731179861852,14.73221
5.6 sec,14.57259,0.00644000000000014,14.7253952476979,14.6041808120697,14.6041808120963,14.77257
5.61 sec,14.61958,0.00801,14.8609569824754,14.6510351401252,14.6510351401546,14.83902
5.62 sec,14.65888,0.00924,14.7875259019811,14.6891999265143,14.6891999265425,14.9047
5.63 sec,14.69823,0.01038,14.84409375,14.7216791267585,14.7216791267864,14.95015
5.64 sec,14.73761,0.01145,14.900578125,14.7576010279748,14.7576010280032,14.95687
5.65 sec,14.77699,0.01244,14.923171875,14.7975474607243,14.7975474607527,14.96304
5.66 sec,14.81632,0.01334,14.95141587,14.8296389045554,14.8296389045835,14.99623
5.67 sec,14.8556,0.01417,14.97965625,14.8633718806611,14.8633718806889,15.04479
5.68 sec,14.89477,0.01492,14.990953125,14.8987928703529,14.8987928703797,15.08556
5.69 sec,14.93381,0.0156,15.007900245,14.9350757681693,14.9350757681945,15.12338
5.7 sec,14.97267,0.01621,15.06438462,14.9692437713239,14.9692437713485,15.15291
5.71 sec,15.01134,0.01675,15.103921875,15.0080819541852,15.0080819542094,15.18359
5.72 sec,15.04979,0.01724,15.1378125,15.0454593596198,15.0454593596437,15.22919
5.73 sec,15.08798,0.01767,15.216890625,15.0837838886002,15.0837838886253,15.27923
5.74 sec,15.1259,0.01805,15.301618995,15.1265788782972,15.1265788783247,15.32315
5.75 sec,15.16352,0.01838,15.3241428635782,15.1669790135131,15.1669790135421,15.36462
5.76 sec,15.20081,0.01868,15.3071958208604,15.2021467948822,15.2021467949106,15.40547
5.77 sec,15.2304,0.0189,15.3523831147965,15.2333823531882,15.2333823532166,15.43489
5.78 sec,15.27437,0.01919,15.3749813281467,15.2659496382642,15.2659496382923,15.46454
5.79 sec,15.31062,0.01941,15.3975749818251,15.2958024425566,15.2958024425841,15.4892
5.8 sec,15.34648,0.01963,15.3862781549859,15.3394237203062,15.3394237203316,15.53851
5.81 sec,15.37489,0.01979,15.4088718086643,15.3746638930131,15.3746638930363,15.58353
5.82 sec,15.41706,0.02004,15.51625962,15.4084510341486,15.4084510341725,15.62899
5.83 sec,15.45179,0.02026,15.527556495,15.448553672702,15.4485536727255,15.65955
5.84 sec,15.48614,0.02049,15.5896272583684,15.4799595417253,15.4799595417494,15.68539
5.85 sec,15.51335,0.02068,15.5896875,15.5135853725772,15.5135853726006,15.70529
5.86 sec,15.55373,0.02101,15.6235177524083,15.5411237180186,15.5411237180417,15.74134
5.87 sec,15.58701,0.02132,15.691359375,15.5827635637795,15.5827635638033,15.77447
5.88 sec,15.61994,0.02167,15.759140625,15.6167770963138,15.6167770963393,15.81027
5.89 sec,15.65258,0.02206,15.7477828972214,15.6445143099041,15.6445143099297,15.84467
5.9 sec,15.68492,0.02249,15.79303125,15.677754645171,15.6777546451973,15.8717
5.91 sec,15.71698,0.02298,15.821275245,15.7105547916703,15.7105547916969,15.89794
5.92 sec,15.7488,0.02353,15.9115887592407,15.7461798446862,15.7461798447151,15.9296
5.93 sec,15.78041,0.02413,15.849515625,15.7745544961554,15.774554496183,15.96185
5.94 sec,15.81181,0.02481,15.90035337,15.80717209123,15.8071720912571,15.9893
5.95 sec,15.84305,0.02554,15.894703125,15.8389042442304,15.8389042442558,16.0181
5.96 sec,15.87414,0.02635,15.94554087,15.8684366840406,15.8684366840654,16.05645
5.97 sec,15.90512,0.02722,15.979431495,15.9003958588819,15.9003958589062,16.09795
5.98 sec,15.93601,0.02817,16.002025245,15.9352545500463,15.9352545500698,16.14161
5.99 sec,15.96684,0.02919,16.01332212,15.9656132837566,15.9656132837786,16.17416
6 sec,15.99763,0.03027,16.01896875,15.9968925497452,15.9968925497651,16.18389
6.01 sec,16.0284,0.03142,16.10369712,16.0295004688205,16.0295004688406,16.19364
6.02 sec,16.05304,0.0323900000000001,16.143234375,16.0626642769602,16.0626642769807,16.22439
6.03 sec,16.08996,0.03392,16.2448457142067,16.0991789668127,16.0991789668361,16.29599
6.04 sec,16.1208,0.03525,16.24490625,16.1327823597153,16.1327823597401,16.34879
6.05 sec,16.15168,0.03663,16.3126875,16.1682424043477,16.1682424043749,16.39173
6.06 sec,16.17645,0.0377700000000002,16.3126289179117,16.1988443957664,16.1988443957944,16.40978
6.07 sec,16.21363,0.03952,16.357875,16.2343328270864,16.2343328271156,16.43323
6.08 sec,16.24471,0.04101,16.35222837,16.2634337678001,16.2634337678291,16.46835
6.09 sec,16.27587,0.04253,16.37482212,16.2922556287886,16.2922556288171,16.50714
6.1 sec,16.30087,0.0437600000000002,16.37482212,16.3209576394052,16.3209576394324,16.5326
6.11 sec,16.33839,0.0456,16.4086618771963,16.3472895252353,16.3472895252616,16.56691
6.12 sec,16.36975,0.04713,16.44260337,16.382284847126,16.3822848471513,16.59198
6.13 sec,16.40114,0.04866,16.46519712,16.4088056590433,16.4088056590677,16.61544
6.14 sec,16.42631,0.0498600000000002,16.4934375,16.4337230448252,16.4337230448491,16.63284
6.15 sec,16.46403,0.05164,16.521681495,16.4668240065174,16.4668240065406,16.66143
6.16 sec,16.49547,0.05307,16.5894149673702,16.493579767051,16.4935797670754,16.70166
6.17 sec,16.52689,0.05447,16.6741875,16.5291212159643,16.5291212159916,16.74511
6.18 sec,16.55826,0.05582,16.6571960221603,16.5622914100642,16.5622914100921,16.77752
6.19 sec,16.5897,0.05711,16.6967331632931,16.5899355956156,16.5899355956443,16.8058
6.2 sec,16.62075,0.05833,16.753265625,16.6271553618999,16.6271553619302,16.83001
6.21 sec,16.65181,0.05949,16.7701644468105,16.6542068606372,16.6542068606684,16.85368
6.22 sec,16.68273,0.06057,16.78150962,16.6845807240744,16.6845807241057,16.8803
6.23 sec,16.71345,0.06158,16.821046875,16.7141529034744,16.7141529035063,16.90871
6.24 sec,16.74396,0.06252,16.83234375,16.7401369600675,16.7401369600992,16.94138
6.25 sec,16.77423,0.06337,16.815400245,16.769750112993,16.7697501130226,16.97106
6.26 sec,16.80424,0.06414,16.883181495,16.7921267019473,16.792126701977,16.98843
6.27 sec,16.82803,0.0646900000000001,16.87188462,16.8134160270332,16.8134160270616,17.00199
6.28 sec,16.86335,0.06543,16.92271875,16.8438112827545,16.8438112827827,17.04544
6.29 sec,16.89241,0.06595,16.96790625,16.8736547325319,16.8736547325605,17.08859
6.3 sec,16.92109,0.0664,17.05828125,16.9062936505973,16.9062936506287,17.11547
6.31 sec,16.94377,0.06669,17.07522837,16.9352283389472,16.9352283389805,17.13478
6.32 sec,16.97731,0.06705,17.109077213693,16.9664402530909,16.9664402531258,17.16997
6.33 sec,17.00482,0.06726,17.0751866714555,16.9910002745677,16.9910002746017,17.19986
6.34 sec,17.03189,0.06741,17.092132002397,17.0174094411722,17.0174094412051,17.22707
6.35 sec,17.05324,0.06747,17.10346875,17.039366866805,17.0393668668367,17.24632
6.36 sec,17.08473,0.0675,17.092171875,17.0603546407817,17.0603546408109,17.26676
6.37 sec,17.11048,0.06745,17.1429732459751,17.0810296167447,17.081029616773,17.28196
6.38 sec,17.13578,0.06735,17.092171875,17.1022436656219,17.1022436656464,17.30227
6.39 sec,17.15571,0.06723,17.092171875,17.1226260960772,17.1226260960974,17.31806
6.4 sec,17.18501,0.06699,17.137359375,17.1440554133878,17.1440554134054,17.33177
6.41 sec,17.20896,0.06675,17.205140625,17.1686185542055,17.1686185542226,17.34324
6.42 sec,17.23245,0.06648,17.18819712,17.1920253796596,17.1920253796746,17.37175
6.43 sec,17.2555,0.06617,17.28421875,17.215570790065,17.2155707900813,17.40683
6.44 sec,17.27811,0.06584,17.2898323093689,17.2383528211055,17.2383528211223,17.43391
6.45 sec,17.3003,0.06549,17.3293694804788,17.259973405278,17.2599734052959,17.45809
6.46 sec,17.32206,0.06514,17.3463165645204,17.2821618964022,17.2821618964209,17.48013
6.47 sec,17.3434,0.06478,17.32375962,17.3000073572995,17.3000073573172,17.49889
6.48 sec,17.36434,0.06443,17.32375962,17.3191731559351,17.3191731559509,17.51177
6.49 sec,17.38489,0.06409,17.335056495,17.3390283101853,17.3390283101992,17.52512
6.5 sec,17.40502,0.06377,17.385890625,17.3601231039953,17.3601231040089,17.55059
6.51 sec,17.42478,0.06348,17.32375962,17.3794437372195,17.3794437372289,17.57606
6.52 sec,17.44033,0.06328,17.340703125,17.3948468101513,17.3948468101571,17.58638
6.53 sec,17.46318,0.06304,17.3971875,17.4143792890034,17.4143792890077,17.59987
6.54 sec,17.48183,0.0629,17.43672837,17.4337458174528,17.4337458174568,17.61808
6.55 sec,17.50012,0.06284,17.425431495,17.4542395878904,17.4542395878926,17.63984
6.56 sec,17.51452,0.06284,17.470618995,17.4723589419091,17.472358941911,17.65848
6.57 sec,17.53568,0.06296,17.4649316928424,17.4915459951468,17.4915459951471,17.68761
6.58 sec,17.55297,0.06317,17.5327127990242,17.5121709803444,17.5121709803457,17.71113
6.59 sec,17.56994,0.06349,17.589234375,17.5313504437893,17.5313504437933,17.73249
6.6 sec,17.58328,0.06384,17.57229087,17.5517439825338,17.5517439825385,17.74633
6.61 sec,17.60292,0.06451,17.54969712,17.5657521776486,17.565752177652,17.76444
6.62 sec,17.61898,0.06523,17.583587745,17.584644143539,17.5846441435419,17.77882
6.63 sec,17.63477,0.0661,17.5440096500545,17.5971667742143,17.5971667742142,17.79148
6.64 sec,17.64722,0.0669100000000001,17.566640625,17.6097813399004,17.609781339898,17.80017
6.65 sec,17.66559,0.06833,17.560993995,17.6212460047211,17.6212460047158,17.81039
6.66 sec,17.68066,0.0697,17.60053125,17.6377133382951,17.6377133382884,17.81446
6.67 sec,17.69555,0.07124,17.634421875,17.6573897407782,17.6573897407709,17.81904
6.68 sec,17.71026,0.07297,17.623125,17.6726294241982,17.672629424189,17.83671
6.69 sec,17.72484,0.07489,17.696556495,17.6929706717211,17.6929706717131,17.86367
6.7 sec,17.7393,0.07699,17.696556495,17.7099876863705,17.7099876863625,17.89066
6.71 sec,17.75369,0.07928,17.786931495,17.7355563562863,17.7355563562819,17.92002
6.72 sec,17.76805,0.08176,17.786931495,17.7561560060827,17.7561560060804,17.95312
6.73 sec,17.78241,0.08442,17.769984375,17.7746929211736,17.7746929211712,17.98275
6.74 sec,17.79682,0.08725,17.7586875,17.7925608119073,17.7925608119033,18.00237
6.75 sec,17.81131,0.09026,17.82082212,17.8104947050043,17.8104947050013,18.01698
6.76 sec,17.82593,0.09344,17.82082212,17.8298265073513,17.8298265073481,18.02748
6.77 sec,17.83775,0.0960900000000004,17.75304087,17.8469261641086,17.8469261641005,18.03418
6.78 sec,17.85573,0.10024,17.786931495,17.864200283299,17.8642002832874,18.04177
6.79 sec,17.87108,0.10386,17.82646875,17.8833819343977,17.8833819343841,18.04843
6.8 sec,17.88659,0.10756,17.832118995,17.9019532182993,17.9019532182831,18.06015
6.81 sec,17.89929,0.11061,17.82646875,17.9214244332152,17.9214244331952,18.07406
6.82 sec,17.91881,0.11528,17.973328125,17.9426753074064,17.9426753073901,18.1106
6.83 sec,17.93553,0.11924,17.96203125,17.9655828837792,17.9655828837643,18.15375
6.84 sec,17.9527,0.12325,18.041109375,17.990999895339,17.9909998953283,18.20995
6.85 sec,17.96678,0.12648,18.00721875,18.0155473900734,18.0155473900632,18.24679
6.86 sec,17.98848,0.13132,18.0298125,18.0333348528778,18.0333348528685,18.25473
6.87 sec,18.00711,0.13534,18.04675962,18.0517764477216,18.0517764477129,18.25843
6.88 sec,18.02626,0.13931,18.075,18.0720360876783,18.0720360876705,18.27098
6.89 sec,18.04195,0.14245,18.103243995,18.0938374119903,18.0938374119839,18.28503
6.9 sec,18.06609,0.14706,18.035462745,18.1047688160519,18.104768816042,18.30392
6.91 sec,18.08672,0.15078,18.06935337,18.122934307178,18.1229343071658,18.31965
6.92 sec,18.10783,0.15437,18.06935337,18.145523909485,18.1455239094692,18.3354
6.93 sec,18.12935,0.15782,18.11454087,18.1624492025777,18.1624492025604,18.3503
6.94 sec,18.15125,0.1611,18.171025245,18.1780205348937,18.1780205348775,18.36118
6.95 sec,18.17348,0.16419,18.1371011896437,18.1992900668291,18.1992900668104,18.37486
6.96 sec,18.19598,0.16709,18.267046875,18.2226399984003,18.2226399983861,18.4307
6.97 sec,18.21868,0.16978,18.2274777501201,18.2416856306464,18.2416856306326,18.4794
6.98 sec,18.2415,0.17224,18.1653465448558,18.2529367099252,18.252936709907,18.47636
6.99 sec,18.26437,0.17446,18.29529087,18.2767494893473,18.2767494893318,18.47305
7 sec,18.28719,0.17645,18.2331289650001,18.2880828270629,18.2880828270453,18.49422
7.01 sec,18.30986,0.17819,18.2048886272604,18.2993401780703,18.2993401780481,18.5169
7.02 sec,18.32785,0.17941,18.2500760596396,18.3104739583695,18.3104739583452,18.51249
7.03 sec,18.3544,0.18093,18.2613729177344,18.3239888270486,18.3239888270221,18.50372
7.04 sec,18.37606,0.18194,18.306587745,18.3458790044778,18.3458790044512,18.52736
7.05 sec,18.39718,0.18271,18.31788462,18.3589460438437,18.3589460438167,18.55755
7.06 sec,18.41363,0.18316,18.329181495,18.3700489839211,18.3700489838938,18.563
7.07 sec,18.43738,0.18357,18.419556495,18.3924356617528,18.3924356617297,18.56986
7.08 sec,18.45626,0.18369,18.4025834052438,18.4080286375669,18.4080286375455,18.59296
7.09 sec,18.4742,0.18362,18.4816614186487,18.4305634069422,18.4305634069261,18.6262
7.1 sec,18.48783,0.18344,18.4703645595909,18.4521406340154,18.4521406340019,18.6556
7.11 sec,18.50693,0.18299,18.464743995,18.4664858644057,18.4664858643934,18.68706
7.12 sec,18.52156,0.18247,18.442150245,18.4831910408048,18.483191040791,18.6842
7.13 sec,18.53495,0.18184,18.470390625,18.4969036996239,18.4969036996097,18.68111
7.14 sec,18.54474,0.18128,18.487337745,18.5130875672951,18.5130875672806,18.69319
7.15 sec,18.55779,0.18035,18.4365,18.5231526443712,18.5231526443525,18.71712
7.16 sec,18.56718,0.17954,18.4365,18.5344736115809,18.5344736115576,18.71442
7.17 sec,18.57517,0.17871,18.4365,18.5486690391997,18.5486690391713,18.71149
7.18 sec,18.58176,0.17789,18.425203125,18.5558220233134,18.5558220232791,18.71514
7.19 sec,18.58696,0.1771,18.470390625,18.5635174744502,18.5635174744129,18.71906
7.2 sec,18.59078,0.17636,18.4025864048678,18.5600435300959,18.5600435300515,18.71841
7.21 sec,18.59326,0.17569,18.402609375,18.5588276818873,18.558827681836,18.71652
7.22 sec,18.59443,0.17512,18.31788462,18.5455817749685,18.5455817749059,18.70014
7.23 sec,18.59435,0.17465,18.2670265976684,18.5306458928763,18.5306458928,18.66989
7.24 sec,18.59308,0.1743,18.27269712,18.520544040285,18.5205440401965,18.62476
7.25 sec,18.59069,0.17409,18.306587745,18.518550263904,18.5185502638062,18.59261
7.26 sec,18.58726,0.17402,18.29529087,18.5199109929795,18.5199109928713,18.60475
7.27 sec,18.58384,0.17408,18.244453125,18.5147058430041,18.5147058428825,18.61701
7.28 sec,18.57768,0.17435,18.176654315429,18.4944396533305,18.4944396531917,18.56789
7.29 sec,18.57171,0.17475,18.18232212,18.4767294390548,18.4767294389016,18.51415
7.3 sec,18.56509,0.1753,18.171025245,18.4638210230436,18.4638210228767,18.52514
7.31 sec,18.5594,0.17586,18.193618995,18.4581980477055,18.4581980475284,18.54361
7.32 sec,18.55034,0.17688,18.2613826035771,18.4601787469658,18.460178746784,18.58229
7.33 sec,18.54241,0.17789,18.3009198203822,18.4646482191603,18.4646482189774,18.62149
7.34 sec,18.53425,0.17903,18.36307212,18.4746081247058,18.4746081245265,18.65502
7.35 sec,18.52762,0.18004,18.363054380357,18.4831396242211,18.4831396240443,18.67798
7.36 sec,18.51761,0.18167,18.3235135485555,18.486392539294,18.4863925391155,18.70338
7.37 sec,18.50931,0.18314,18.283993995,18.4849703574443,18.4849703572606,18.71433
7.38 sec,18.5011,0.18468,18.221859375,18.4803639174339,18.4803639172401,18.70093
7.39 sec,18.49464,0.18596,18.18232212,18.4721874261333,18.4721874259267,18.67913
7.4 sec,18.48526,0.18792,18.108890625,18.4602458799175,18.4602458796932,18.63297
7.41 sec,18.4777,0.18959,18.13713462,18.4490087031193,18.4490087028817,18.59897
7.42 sec,18.47042,0.19125,18.165375,18.4389296243867,18.4389296241399,18.59188
7.43 sec,18.46343,0.1929,18.20491587,18.4309545960034,18.4309545957528,18.58675
7.44 sec,18.45673,0.19451,18.238806495,18.4283932022377,18.4283932019876,18.57873
7.45 sec,18.45028,0.19605,18.20491587,18.4210008113178,18.4210008110653,18.5704
7.46 sec,18.44407,0.19753,18.2387888754038,18.4161880084103,18.4161880081602,18.56342
7.47 sec,18.43803,0.1989,18.216212745,18.4117843245172,18.4117843242676,18.55681
7.48 sec,18.4321,0.20017,18.2048982831439,18.4041033760558,18.4041033758066,18.5498
7.49 sec,18.4262,0.2013,18.1597108267972,18.3968517887817,18.3968517885289,18.5435
7.5 sec,18.42024,0.2023,18.1484139627106,18.387928387126,18.3879283868697,18.53958
7.51 sec,18.41411,0.20313,18.131484375,18.3790183372629,18.3790183370024,18.53503
7.52 sec,18.409,0.20368,18.09194712,18.36910155926,18.3691015589923,18.5245
7.53 sec,18.40086,0.20429,18.09759375,18.3589620571326,18.3589620568606,18.50308
7.54 sec,18.39346,0.20459,18.09759375,18.349424429334,18.3494244290585,18.48927
7.55 sec,18.38537,0.2047,18.09759375,18.3416206200775,18.3416206197997,18.48155
7.56 sec,18.37827,0.20465,18.086296875,18.3355847692747,18.3355847689949,18.48812
7.57 sec,18.36645,0.20433,18.103226506364,18.3300610544359,18.330061054156,18.50122
7.58 sec,18.35531,0.20384,18.15972837,18.3293381975344,18.3293381972601,18.49262
7.59 sec,18.34284,0.20315,18.0919283622725,18.3194712667627,18.3194712664883,18.47542
7.6 sec,18.33178,0.20245,18.0523875332684,18.308930246158,18.3089302458808,18.45594
7.61 sec,18.31325,0.20118,18.035462745,18.299827979239,18.299827978958,18.43071
7.62 sec,18.29581,0.19992,17.950734375,18.2824031502034,18.2824031499121,18.42827
7.63 sec,18.27642,0.19847,17.973328125,18.2716908413045,18.271690841006,18.42698
7.64 sec,18.25938,0.19719,17.945087745,18.2599899699744,18.2599899696672,18.42631
7.65 sec,18.2312,0.19509,17.84341587,18.2402690081621,18.2402690078387,18.42517
7.66 sec,18.20511,0.19317,17.82082212,18.2218665576155,18.2218665572758,18.41002
7.67 sec,18.17655,0.19112,17.7135,18.1812104128094,18.1812104124496,18.38009
7.68 sec,18.14544,0.18895,17.515806495,18.1346418123149,18.134641811921,18.34142
7.69 sec,18.11168,0.18668,17.335056495,18.0639247005544,18.0639247001199,18.29096
7.7 sec,18.0752,0.18432,17.318109375,17.9972573802233,17.9972573797579,18.22972
7.71 sec,18.03595,0.18189,16.9905,17.9257135676323,17.9257135671056,18.15863
7.72 sec,17.99388,0.17941,16.617703125,17.8463856535228,17.8463856528931,18.08174
7.73 sec,17.94899,0.17689,16.482140625,17.7506026323574,17.7506026316129,17.99782
7.74 sec,17.90127,0.17434,16.340931495,17.6480184460125,17.6480184451378,17.90659
7.75 sec,17.85072,0.17179,15.74784375,17.5196712531104,17.5196712520251,17.81007
7.76 sec,17.79738,0.16926,14.369625,17.357109778047,17.3571097764453,17.70527
7.77 sec,17.75273,0.16725,13.4206874999999,17.1800996876691,17.1800996851266,17.62558
7.78 sec,17.68252,0.16427,11.957743995,16.9570791222074,16.9570791176172,17.52894
7.79 sec,17.62113,0.16185,12.31359375,16.7542685783323,16.7542685708891,17.47776
7.8 sec,17.55722,0.1595,13.00835337,16.5486048734283,16.5486048628739,17.46368
7.81 sec,17.50433,0.15767,13.9290198463898,16.3867397337401,16.386739720536,17.45666
7.82 sec,17.42223,0.15502,14.2170914074004,16.3070243956661,16.3070243805452,17.44831
7.83 sec,17.3514,0.15292,15.23945359049,16.2886552488596,16.2886552333802,17.43958
7.84 sec,17.27851,0.15091,15.71960337,16.297934178867,16.2979341641522,17.3762
7.85 sec,17.21881,0.14937,15.4654218749999,16.3254465719838,16.3254465578642,17.2911
7.86 sec,17.12713,0.14719,14.510837745,16.2465340094262,16.2465339951375,17.17498
7.87 sec,17.04895,0.14548,14.86104087,16.2008550814555,16.2008550673614,17.07067
7.88 sec,16.9693,0.14387,15.634836818869,16.189262875262,16.1892628619982,16.95445
7.89 sec,16.90463,0.14265,15.5727059655959,16.192464568682,16.1924645562542,16.85997
7.9 sec,16.80625,0.14092,14.7028440216785,16.1480038272155,16.1480038151968,16.73812
7.91 sec,16.72317,0.13958,14.3808804579649,16.0511448623296,16.051144850518,16.63934
7.92 sec,16.63924,0.13829,14.9400745212758,16.0073073903148,16.0073073790941,16.50995
7.93 sec,16.57162,0.13731,15.6800158236131,16.0203568524716,16.0203568421918,16.42077
7.94 sec,16.4695,0.1359,15.5275064062352,16.0194559867858,16.0194559775038,16.379
7.95 sec,16.38397,0.13475,15.5500960558679,15.9837381911438,15.9837381827805,16.35219
7.96 sec,16.29814,0.13362,15.2450814937857,15.9144274136451,15.9144274060227,16.27446
7.97 sec,16.21221,0.13249,14.99660337,15.8532907614993,15.8532907544612,16.17395
7.98 sec,16.12626,0.13135,14.9400633214281,15.7746079585294,15.7746079520299,16.09655
7.99 sec,16.04034,0.13017,15.0643242954653,15.6938463792517,15.6938463733633,16.01485
8 sec,15.95467,0.12894,15.2111830823746,15.6471175115855,15.6471175063226,15.90534
8.01 sec,15.86923,0.12764,14.9965411761295,15.5670284714308,15.5670284667012,15.78324
8.02 sec,15.78414,0.12626,14.68029087,15.4728548651054,15.4728548608011,15.66426
8.03 sec,15.69945,0.12478,14.5220705708984,15.3748943848497,15.3748943809042,15.54331
8.04 sec,15.63196,0.12352,14.1323282948435,15.2601950717653,15.2601950680794,15.44027
8.05 sec,15.5482,0.12183,13.9346335750425,15.1333178075195,15.1333178040619,15.31576
8.06 sec,15.46483,0.12,13.5392405965409,14.9772239743606,14.9772239710613,15.21507
8.07 sec,15.36565,0.11761,10.359234375,14.7332603843227,14.7332603809494,15.1226
8.08 sec,15.28357,0.11544,9.89041587,14.4809242281623,14.4809242249368,15.08526
8.09 sec,15.20201,0.11311,10.55128125,14.317116923693,14.3171169207233,15.04698
8.1 sec,15.12107,0.11061,12.279703125,14.2682195628228,14.2682195602496,14.93417
8.11 sec,15.04063,0.10794,14.313140625,14.3146596285003,14.314659626446,14.81454
8.12 sec,14.97657,0.105669999999999,13.9290468749998,14.3368376443326,14.3368376426527,14.77781
8.13 sec,14.89705,0.10269,13.08178125,14.2969944151666,14.2969944136949,14.74077
8.14 sec,14.81785,0.09954,12.234515625,14.2069552787729,14.2069552773376,14.64718
8.15 sec,14.72344,0.09555,9.879118995,14.0124486595599,14.0124486576049,14.50572
8.16 sec,14.64508,0.09205,9.05444712,13.8015115353015,13.8015115320748,14.45525
8.17 sec,14.56697,0.08842,9.178712745,13.6338732892767,13.6338732842287,14.41713
8.18 sec,14.48905,0.08466,10.240618995,13.5788330246342,13.5788330180612,14.38405
8.19 sec,14.41127,0.08078,11.58494712,13.5754108701611,13.575410863242,14.34476
8.2 sec,14.33354,0.07681,13.3810230600446,13.5783793885537,13.5783793827345,14.24981
8.21 sec,14.25581,0.07276,13.499765625,13.6492270399122,13.6492270351454,14.13767
8.22 sec,14.17799,0.06865,13.5561096761093,13.6768550158543,13.6768550117691,14.06722
8.23 sec,14.10002,0.0645,13.251234375,13.6372913184894,13.6372913148755,13.9998
8.24 sec,14.02184,0.06034,12.75982212,13.5591437669741,13.5591437637164,13.91485
8.25 sec,13.94336,0.05618,12.66944712,13.4417801257118,13.441780122794,13.8165
8.26 sec,13.86453,0.05205,12.867140625,13.3787893244643,13.3787893219281,13.69705
8.27 sec,13.78528,0.04797,12.47175,13.2843684758615,13.2843684735817,13.56963
8.28 sec,13.70554,0.04396,12.211921875,13.1667571287473,13.16675712665,13.45361
8.29 sec,13.64133,0.0408099999999992,11.94644712,13.0501993361293,13.0501993341542,13.36123
8.3 sec,13.54442,0.03625,11.9123789292565,12.9205649264372,12.9205649245611,13.20182
8.31 sec,13.46293,0.03259,12.3755405062999,12.9391161470209,12.9391161452859,13.08472
8.32 sec,13.38076,0.02909,11.9575558278361,12.8897026368332,12.8897026352157,13.0238
8.33 sec,13.29788,0.02576,12.1665367269352,12.8077662984173,12.8077662969842,12.96809
8.34 sec,13.21424,0.02263,12.138493995,12.7333340968726,12.7333340955997,12.87328
8.35 sec,13.12983,0.0197,12.24016587,12.6767279298125,12.6767279286873,12.77796
8.36 sec,13.04463,0.017,12.0309421260669,12.6131122515095,12.6131122504881,12.72378
8.37 sec,12.97587,0.0150099999999995,12.0704822409888,12.5671037643106,12.5671037633883,12.68246
8.38 sec,12.87176,0.01231,11.5282177060867,12.4506780420266,12.4506780411614,12.56027
8.39 sec,12.78404,0.01034,11.2457914584767,12.3279966675903,12.32799666675,12.44685
8.4 sec,12.69559,0.00862,11.0029011092488,12.2192763334854,12.2192763326177,12.38238
8.41 sec,12.60628,0.00717,10.873243995,12.1499059297833,12.1499059288293,12.32986
8.42 sec,12.51616,0.00598,9.952546875,11.9522988949775,11.9522988938217,12.28298
8.43 sec,12.42525,0.00504,9.252140625,11.7830807958977,11.7830807944283,12.23061
8.44 sec,12.33358,0.00436,9.766150245,11.6935749988983,11.6935749972486,12.13372
8.45 sec,12.24117,0.00394,11.42679087,11.7111562702826,11.7111562688219,12.03229
8.46 sec,12.14806,0.00375,11.211820447384,11.7245169797842,11.7245169785385,11.97782
8.47 sec,12.05429,0.00381,11.053656871452,11.6379191526736,11.6379191516032,11.92303
8.48 sec,11.95988,0.00408,10.9124355261852,11.5226063782162,11.5226063772724,11.82017
8.49 sec,11.86491,0.00456,10.8502942913649,11.4169840047996,11.4169840039701,11.6928
8.5 sec,11.7694,0.00524,10.61341587,11.3186031807685,11.3186031800239,11.56784
8.51 sec,11.67343,0.0061,10.539984375,11.2089878416577,11.2089878409854,11.44209
8.52 sec,11.57703,0.00713,10.460533668206,11.0847338650736,11.0847338644834,11.32385
8.53 sec,11.48028,0.0083,10.30275,10.9810189299215,10.9810189294156,11.20679
8.54 sec,11.4026,0.0093200000000003,10.212375,10.8939527994864,10.8939527990508,11.11003
8.55 sec,11.28597,0.01099,10.263212745,10.7924841941014,10.792484193729,10.96409
8.56 sec,11.18852,0.01248,10.20066406553,10.6781519945502,10.6781519942298,10.83627
8.57 sec,11.091,0.01404,10.178484375,10.6061347073678,10.6061347070887,10.72431
8.58 sec,10.99344,0.01564,9.89563454786167,10.5405374368484,10.540537436591,10.65092
8.59 sec,10.8959,0.01727,9.6979368699214,10.4656182113278,10.4656182110821,10.58893
8.6 sec,10.7985,0.0189,9.67533031707729,10.3491259140017,10.3491259137761,10.53088
8.61 sec,10.70127,0.02053,9.63013187076133,10.2138940986841,10.2138940984783,10.4651
8.62 sec,10.62358,0.0218000000000003,9.55670385172014,10.0991100442231,10.0991100440357,10.38165
8.63 sec,10.5076,0.02365,9.23472887683665,9.97218168465559,9.97218168446866,10.22603
8.64 sec,10.41129,0.02512,9.12174823666832,9.83019325785817,9.83019325767509,10.10143
8.65 sec,10.31542,0.0265,8.8110859749951,9.66519804348688,9.66519804329923,9.97316
8.66 sec,10.22003,0.02777,8.35921874284602,9.47877704078365,9.47877704056615,9.8302
8.67 sec,10.1252,0.02892,8.04856103159001,9.3169520749302,9.31695207463574,9.70106
8.68 sec,10.03095,0.02994,8.21234203549427,9.22251859336571,9.22251859300101,9.61959
8.69 sec,9.93736,0.03081,7.823087745,9.02965328279896,9.02965328244566,9.54246
8.7 sec,9.86287999999998,0.0313900000000001,7.67057812499993,8.93251735319788,8.93251735289375,9.45111999999997
8.71 sec,9.75223,0.03204,7.29778125,8.91088050588992,8.91088050559998,9.30815
8.72 sec,9.66076,0.03239,7.13397837,8.86920314850098,8.86920314813701,9.22813
8.73 sec,9.57007,0.03254,7.218703125,8.78066407672923,8.78066407631451,9.15861
8.74 sec,9.48014,0.03248,7.43334375,8.66674094739264,8.66674094700342,9.09083
8.75 sec,9.391,0.03222,8.320150245,8.65511906710809,8.65511906685281,9.02182
8.76 sec,9.30267,0.03174,8.049025245,8.69478668687993,8.69478668670163,8.94072
8.77 sec,9.21511,0.03104,7.56325962,8.63910733631201,8.63910733608587,8.85834
8.78 sec,9.12831,0.03013,6.80071875,8.49297327142857,8.49297327103736,8.78578
8.79 sec,9.05941999999998,0.0292299999999997,6.32624999999983,8.35213899710945,8.3521389964548,8.73030999999999
8.8 sec,8.95695,0.02763,5.3773125,8.1932415340523,8.19324153272151,8.64721
8.81 sec,8.87231,0.02605,5.80659375,8.10564863972723,8.1056486378982,8.57796
8.82 sec,8.78832,0.02425,6.670806495,8.08835930203453,8.08835930029609,8.50622
8.83 sec,8.70491,0.02225,8.16692583251373,8.14395569125204,8.14395569013716,8.43472
8.84 sec,8.62205,0.02005,7.94735337,8.1953503807845,8.19535038010016,8.36626
8.85 sec,8.53966,0.01765,8.077265625,8.19005592344153,8.19005592297792,8.2991
8.86 sec,8.45769,0.01508,7.99180498847288,8.15410517334515,8.1541051730042,8.23408
8.87 sec,8.39235999999998,0.0128999999999994,7.90708441950176,8.1014254376846,8.10142543742863,8.18061999999998
8.88 sec,8.29467,0.00944,7.715765625,8.0065890912398,8.00658909104694,8.08581
8.89 sec,8.21344,0.0064,7.732712745,7.95745723939162,7.95745723925169,8.00333
8.9 sec,8.13239,0.00325,7.619743995,7.90218044971125,7.90218044960637,7.93047
8.91 sec,8.05133,0,7.444640625,7.80319860175483,7.80319860167108,7.86106
8.92 sec,7.97022,0,7.484181495,7.70538270109404,7.70538270103006,7.79278
8.93 sec,7.88896,0,7.41075,7.63227338215477,7.63227338210517,7.72597
8.94 sec,7.80748,0,7.38740718636151,7.58771361348462,7.58771361344576,7.66056
8.95 sec,7.74207999999998,0,7.34222426779044,7.55206518275219,7.55206518272089,7.60862999999999
8.96 sec,7.64358,0,7.09935366395769,7.45473076179447,7.45473076176548,7.53142
8.97 sec,7.561,0,7.04851609804669,7.36742907384235,7.3674290738152,7.46347
8.98 sec,7.47793,0,7.03720611262742,7.295354688345,7.29535468831968,7.37992
8.99 sec,7.39426,0,6.99201318579539,7.22390179106358,7.22390179104087,7.29564
9 sec,7.31005,0,6.91293441398932,7.13814450932762,7.13814450930769,7.23121
9.01 sec,7.22516,0,6.79996789782002,7.04791566467395,7.04791566465523,7.16474
9.02 sec,7.13958,0,6.69265126212665,6.93563899538551,6.93563899536815,7.06575
9.03 sec,7.0533,0,6.61921405480266,6.85592419113554,6.85592419111902,6.96215
9.04 sec,6.98367999999998,0,6.56273611918145,6.78986765824363,6.78986765822737,6.90054999999998
9.05 sec,6.87857,0,6.41022899219538,6.69466366229965,6.69466366228328,6.81393
9.06 sec,6.79013,0,6.360140625,6.58533474837864,6.58533474836354,6.7279
9.07 sec,6.70097,0,6.066421875,6.45071206993124,6.45071206991422,6.63158
9.08 sec,6.61115,0,5.908265625,6.30357861456271,6.30357861454448,6.51189
9.09 sec,6.52062,0,5.81152127807075,6.15668437270108,6.1566843726833,6.39796
9.1 sec,6.42962,0,5.58560303484632,6.08604970104061,6.08604970101428,6.32269
9.11 sec,6.33802,0,5.6194813423925,6.01010666318473,6.01010666315102,6.25811
9.12 sec,6.26431999999998,0,5.55735463573936,5.95503390167088,5.95503390162966,6.20883999999999
9.13 sec,6.15346,0,5.14506064359661,5.70847047329713,5.70847047326185,6.1292
9.14 sec,6.06067,0,4.75535645025579,5.45699614966786,5.45699614963149,6.01813
9.15 sec,5.96763,0,4.22446377319508,5.24227786796824,5.24227786792851,5.90087
9.16 sec,5.87444,0,4.37694931645858,5.23234256949161,5.2323425694205,5.82059
9.17 sec,5.78119,0,4.67627039200115,5.2605153559386,5.26051535584732,5.75122
9.18 sec,5.68798,0,4.98688577574288,5.22518082771998,5.2251808276688,5.68918
9.19 sec,5.5949,0,4.64866587,5.20017710600127,5.20017710595572,5.62155
9.2 sec,5.52051999999998,0,4.5582908700001,5.11630835280121,5.11630835274016,5.54155999999997
9.21 sec,5.40953,0,4.22440920208351,5.00679834648266,5.00679834639025,5.3968
9.22 sec,5.31742,0,3.73870283757455,4.91292695378715,4.91292695370548,5.27212
9.23 sec,5.22582,0,2.84637659296082,4.75773973629421,4.75773973612172,5.1551
9.24 sec,5.13478,0,1.77333186903655,4.43469503825921,4.43469503595463,5.06468
9.25 sec,5.04442,0,1.68861315182127,4.19636912471296,1.68861315207205,4.98573
9.26 sec,4.95476,0,2.75034178136321,4.16144831425661,2.75034178162008,4.91097
9.27 sec,4.86588,0,4.46153308739012,4.49003014386449,4.46153308739711,4.84321
9.28 sec,4.77783,0,4.32034713866333,4.61342096734785,4.32034713869113,4.78728
9.29 sec,4.70794999999998,0,4.30340280074844,4.61018700889953,4.30340280076677,4.74298999999998
9.3 sec,4.6043,0,4.07183136423302,4.47302235871455,4.07183136425942,4.65681
9.31 sec,4.51884,0,3.79575,4.27290436157445,3.79575000003044,4.57084
9.32 sec,4.43425,0,3.69907873964872,4.1526639019186,3.69907873967645,4.4658
9.33 sec,4.35051,0,3.51270130951291,4.04482481766814,3.51270130955029,4.36175
9.34 sec,4.26757,0,3.30373944513363,3.91716735672338,3.30373944517794,4.2845
9.35 sec,4.18539,0,2.91405822597466,3.77792470776516,2.91405822604384,4.21524
9.36 sec,4.1039,0,2.68251407210979,3.68447685658749,2.6825140721953,4.14526
9.37 sec,4.03915999999998,0,2.59215576423812,3.6697721253223,2.59215576433859,4.09034999999999
9.38 sec,3.94265,0,3.22465208385745,3.77326429526284,3.22465208391339,4.00905
9.39 sec,3.86263,0,3.60867348283373,3.75098232870033,3.60867348283542,3.94179
9.4 sec,3.78303,0,3.23090625,3.58663582299909,3.23090625003057,3.87774
9.41 sec,3.70354,0,3.236556495,3.48407789929129,3.23655649501575,3.80703
9.42 sec,3.62407,0,3.27609375,3.47360656902932,3.27609375001417,3.70468
9.43 sec,3.54447,0,3.213962745,3.41703261707529,3.21396274501537,3.59852
9.44 sec,3.4646,0,3.1342732394074,3.29191166342797,3.13427323941796,3.52079
9.45 sec,3.40041999999998,0,3.04391586478371,3.18187192293575,3.04391586479384,3.46536999999999
9.46 sec,3.30346,0,2.6660625,3.06861692572854,2.66606250003735,3.38676
9.47 sec,3.22184,0,2.59263462,2.98363575468746,2.59263462003556,3.31668
9.48 sec,3.13936,0,2.790328125,2.93705823624259,2.79032812501282,3.21137
9.49 sec,3.05584,0,2.77338462,2.89338791467785,2.77338462001033,3.10332
9.5 sec,2.9711,0,2.64346875,2.777337846783,2.64346875001177,3.02915
9.51 sec,2.88514,0,2.4853125,2.6661012386968,2.48531250001687,2.96404
9.52 sec,2.79772,0,2.315859375,2.59746213060781,2.31585937502789,2.90063
9.53 sec,2.70877,0,2.20854087,2.52521177347612,2.20854087003323,2.83331
9.54 sec,2.63637999999998,0,2.20854086999999,2.47901513097876,2.20854087003079,2.76687999999998
9.55 sec,2.52599,0,2.157703125,2.25332178330897,2.15770312501057,2.65158
9.56 sec,2.43205,0,2.112515625,2.23579926308678,2.11251562501383,2.53647
9.57 sec,2.33636,0,1.903525245,2.14054573019419,1.9035252450255,2.42412
9.58 sec,2.23896,0,1.60415625,1.98459907076525,1.60415625004373,2.34463
9.59 sec,2.13985,0,1.19746875,1.74275592971613,1.1974687500704,2.26757
9.6 sec,2.03911,0,0.954587745,1.65358881739306,0.954587745125585,2.16045
9.61 sec,1.93684,0,0.79078125,1.53856913522462,0.790781250174438,2.05359
9.62 sec,1.85390999999998,0,0.728650244999997,1.56959803779963,0.728650245201177,1.99218999999999
9.63 sec,1.72818,0,0.711703125,1.36875077377643,0.711703125183312,1.90835
9.64 sec,1.62213,0,0.711703125,1.35569787699053,0.71170312516487,1.82414
9.65 sec,1.5152,0,1.383868995,1.70357840402981,1.3838689951399,1.73536
9.66 sec,1.40765,0,1.22544760837827,1.26562770667011,1.2254476084009,1.64548
9.67 sec,1.29973,0,0.971321095936918,1.28789091816809,0.97132109597673,1.55892
9.68 sec,1.19175,0,0.80755364849843,1.01324154392283,0.807553648559934,1.48334
9.69 sec,1.08399,0,0.688960312234326,1.13447916707186,0.68896031231154,1.41227
9.7 sec,0.998179999999977,0,0.643782586841908,1.00350102131246,0.643782586940674,1.35595999999999
9.71 sec,0.87074,0,0.62684209413473,1.18956208740406,0.626842094250239,1.27299
9.72 sec,0.76594,0,0.581664415790399,0.873911189980976,0.58166441589101,1.20358
9.73 sec,0.66286,0,0.570369996204316,0.838933286714367,0.570369996281607,1.13424
9.74 sec,0.56191,0.0007,0.570371064348735,0.804818238846252,0.570371064410491,1.06516
9.75 sec,0.46352,0.00178,0.570371655766003,0.809163753529097,0.570371655820613,0.9956
9.76 sec,0.36807,0.0028,0.51965625,0.78167263834923,0.519656250053591,0.92417
9.77 sec,0.27599,0.00377,0.4970625,0.697661205897859,0.497062500048044,0.85252
9.78 sec,0.18765,0.00466,0.4970625,0.709156319402877,0.497062500046635,0.78183
9.79 sec,0.119889999999983,0.00533000000000016,0.504641219999989,0.669190997607719,0.504641220038641,0.726199999999986
9.8 sec,0.02406,0.00624,0.44359107,0.574277836223664,0.443591070032967,0.64696
9.81 sec,0,0.00692,0.40828188,0.529311853365745,0.408281880027312,0.58172
9.82 sec,0,0.00751,0.363073035,0.496562202479772,0.363073035026748,0.50917
9.83 sec,0,0.00802,0.3256839,0.440594606141498,0.325683900025063,0.44335
9.84 sec,0,0.00845,0.29089524,0.38399561084157,0.290895240025471,0.39833
9.85 sec,0,0.00879,0.2674497,0.314103602268146,0.26744970002437,0.35957
9.86 sec,0,0.00905,0.2462271,0.264090749240922,0.246227100024048,0.31521
9.87 sec,0,0.00919000000000002,0.238121264999996,0.229260597519865,0.238121265023426,0.285439999999997
9.88 sec,0,0.00931,0.217123035,0.176831661910305,0.217123035021425,0.26698
9.89 sec,0,0.00931,0.21367911,0.125552781954007,0.213679110017668,0.25577
9.9 sec,0,0.00924,0.198297885,0.0999687551147258,0.198297885018023,0.23567
9.91 sec,0,0.00908,0.19345788,0.0631597484469736,0.193457880015162,0.21963
9.92 sec,0,0.00886,0.197405685,0.0443479306919372,0.19740568501423,0.21667
9.93 sec,0,0.00856,0.19431078,0.0102585373482074,0.19431078001039,0.21386
9.94 sec,0,0.0082,0.187222935,-0.00327735263922491,0.187222935010112,0.18656
9.95 sec,0,0.0078599999999999,0.180749999999999,-0.0230413695077366,0.180750000008729,0.16133
9.96 sec,0,0.00729,0.17510337,-0.0367421181705708,0.175103370009053,0.16183
9.97 sec,0,0.00676,0.163806495,-0.0697237527624891,0.163806495006656,0.1644
9.98 sec,0,0.00618,0.15815625,-0.0769082025662998,0.158156250007912,0.15496
9.99 sec,0,0.00556,0.15250962,-0.103165687265913,0.152509620005868,0.14455
10 sec,0,0.0049,0,-0.18158246324959,1.31701038963428e-11,0.14681
10.01 sec,0,0.00422,0,-0.190873220872445,3.24693050224312e-11,0.15151
10.02 sec,0,0.00351,0,-0.401932315793537,8.4151574597513e-12,0.159
10.03 sec,0,0.00279,0,-0.372810503232754,1.22010040959353e-11,0.16458
10.04 sec,0,0.00218999999999984,0,-0.520439925087818,-2.02799582682545e-12,0.163529999999999
10.05 sec,0,0.0013,0,-0.49244627218803,1.95837096539364e-12,0.15857
10.06 sec,0,0.00054,0,-0.486750946288571,-2.0034980618977e-12,0.13923
10.07 sec,0,0,0,-0.495959999215462,1.91426388629345e-12,0.11436
10.08 sec,0,0,0,-0.486526831737375,-1.92657348407899e-12,0.10191
10.09 sec,0,0,-0.00194502,-0.495821902687685,-0.00194501999796069,0.09319
10.1 sec,0.04186,0,-0.00697176,-0.486684557481475,-0.00697176000086352,0.08635
10.11 sec,0.08012,0,-0.01520652,-0.495647255888965,-0.0152065199956595,0.08277
10.12 sec,0.109140000000007,0,-0.0216730800000006,-0.486877428203733,-0.0216730799973416,0.0865000000000019
10.13 sec,0.14948,0,-0.02501582,-0.495529577498961,-0.0250158199925318,0.09731
10.14 sec,0.17987,0,-0.02825752,-0.487055417120608,-0.0282575199950785,0.1042
10.15 sec,0.20701,0,-0.03139818,-0.495248524382011,-0.0313981799909652,0.1082
10.16 sec,0.23065,0,-0.02978154,-0.487229145687497,-0.029781539993889,0.1082
10.17 sec,0.25059,0,-0.02973102,-0.495072430613248,-0.0297310199909721,0.10818
10.18 sec,0.26669,0,-0.02960472,-0.487396084429047,-0.0296047199940945,0.10776
10.19 sec,0.27886,0,-0.0263125,-0.494908637100717,-0.0263124999913934,0.10693
10.2 sec,0.285730000000001,0,-0.0229276599999994,-0.487526341472629,-0.0229276599952566,0.10626
10.21 sec,0.29124,0,-0.01956808,-0.494840707496302,-0.0195680799931269,0.10467
10.22 sec,0.29152,0,-0.01299206,-0.487627827305952,-0.0129920599972016,0.09981
10.23 sec,0.28797,0,-0.00797374,-0.494672130548934,-0.00797373999583451,0.09317
10.24 sec,0.28075,0,-0.00463942,-0.487732320038189,-0.00463941999975369,0.08887
10.25 sec,0.27005,0,0,-0.494570179104554,2.06119843415564e-12,0.08424
10.26 sec,0.25608,0,0,-0.487828062266283,-1.39041209101798e-12,0.07468
10.27 sec,0.23911,0,0,-0.494480230532574,1.32218888615476e-12,0.06637
10.28 sec,0.21944,0,0,-0.487911805620262,-1.35432810799418e-12,0.06436
10.29 sec,0.201959999999995,0,0,-0.494392018530788,1.30377132701032e-12,0.0634599999999999
10.3 sec,0.1733,0,0,-0.487957726739695,-1.31984354001524e-12,0.06275
10.31 sec,0.14753,0,0,-0.494310734353488,1.25100797776501e-12,0.06231
10.32 sec,0.12047,0,0,-0.488078481056232,-1.28420017675435e-12,0.06177
10.33 sec,0.09248,0,0,-0.494218040906681,1.21542012565534e-12,0.06109
10.34 sec,0.06396,0,0,-0.488162074750982,-1.24245405630496e-12,0.06001
10.35 sec,0.03529,0,0,-0.494116423920182,1.17492474083214e-12,0.05855
10.36 sec,0.00073,0,0,-0.488258223200133,-1.20807704118153e-12,0.05677
10.37 sec,0,0,0,-0.494029575961259,1.15774057007911e-12,0.0550699999999995
10.38 sec,0,0,0,-0.488301492260745,-1.17248745434839e-12,0.05216
10.39 sec,0,0,0,-0.493946286741787,1.10375250605976e-12,0.04892
10.4 sec,0,0,-0.00163348,-0.488425427119141,-0.00163348000097353,0.04138
10.41 sec,0,0,-0.00495096,-0.493853541886872,-0.0049509599981878,0.03538
10.42 sec,0,0,-0.00992718,-0.488507278926752,-0.00992717999935785,0.03574
10.43 sec,0,0,-0.01167012,-0.49376585475866,-0.0116701199962938,0.03669
10.44 sec,0,0,-0.01341306,-0.488591344785806,-0.0134130599979551,0.03908
10.45 sec,0,0,-0.0151054800000003,-0.493677947856867,-0.0151054799954403,0.0419700000000008
10.46 sec,0,0,-0.01678106,-0.488638882719452,-0.0167810599970743,0.04644
10.47 sec,0,0,-0.01686526,-0.493621301983675,-0.0168652599947938,0.05034
10.48 sec,0,0,-0.0168821,-0.488731172930397,-0.016882099996768,0.05408
10.49 sec,0,0,-0.01689894,-0.493546012257769,-0.0168989399948045,0.05719
10.5 sec,0,0,-0.01525704,-0.488800151098637,-0.0152570399968849,0.05948
10.51 sec,0,0,-0.0119985,-0.49344942391041,-0.0119984999955827,0.06069
10.52 sec,0,0,-0.01034818,-0.488898873443348,-0.0103481799980832,0.05996
10.53 sec,0,0,-0.00702228,-0.49336007083705,-0.00702227999685909,0.05835
10.54 sec,0,0,-0.00367953999999969,-0.488982423891805,-0.00367953999948701,0.0564199999999994
10.55 sec,0,0,-0.00196186,-0.493312916191339,-0.00196185999841813,0.05286
10.56 sec,0,0,-0.00027786,-0.489073472381207,-0.000277860000529531,0.05083
10.57 sec,0,0.0004,0,-0.493160383578526,8.23195678290034e-13,0.04864
10.58 sec,0,0.00071,0,-0.489188178694202,-8.08011643704809e-13,0.04454
10.59 sec,0,0.00099,0,-0.493045362620683,7.33194754909405e-13,0.0402
10.6 sec,0,0.00126,0,-0.489301216159364,-7.53966333810752e-13,0.03759
10.61 sec,0,0.00149,0,-0.492914657074784,6.80428803578881e-13,0.03541
10.62 sec,0,0.00166000000000004,0,-0.489429360064202,-7.30629098888436e-13,0.0338599999999995
10.63 sec,0,0.00189,0,-0.492849370244551,6.338011712681e-13,0.0313
10.64 sec,0,0.00206,0,-0.489532894579203,-6.54543259870355e-13,0.02713
10.65 sec,0.02587,0.0022,0,-0.4926717496483,5.8104215883148e-13,0.02169
10.66 sec,0.04515,0.00231,0,-0.489664366655018,-6.07910423389146e-13,0.01536
10.67 sec,0.06344,0.0024,0,-0.492555405458849,5.28283146394859e-13,0.00984
10.68 sec,0.08056,0.00247,0,-0.48978895442565,-5.5391628783763e-13,0.00716
10.69 sec,0.09631,0.00251,0,-0.49242380997037,4.80432534033515e-13,0.00504
10.7 sec,0.107800000000003,0.00253,0,-0.489906751813185,-5.30597267511812e-13,0.00272999999999955
10.71 sec,0.12303,0.00253,0,-0.49236028138062,4.33807503807948e-13,0.00019
10.72 sec,0.13377,0.00251,-0.00323328,-0.490011672576217,-0.00323328000014346,0
10.73 sec,0.14262,0.00247,-0.00491728,-0.492209577333491,-0.00491727999862584,0
10.74 sec,0.14953,0.00241,-0.00661812,-0.490116463399142,-0.00661811999901147,0
10.75 sec,0.15445,0.00232,-0.00828528,-0.492093994533999,-0.00828527999782235,0
10.76 sec,0.15737,0.00222,-0.00991876,-0.490228894824585,-0.00991875999813019,0
10.77 sec,0.15832,0.00211,-0.01158592,-0.491993659323158,-0.0115859199970334,0
10.78 sec,0.15733,0.00198,-0.00996928,-0.490328903105697,-0.00996927999758291,0
10.79 sec,0.155159999999999,0.00185999999999997,-0.0116111799999997,-0.491891279056819,-0.0116111799970401,0
10.8 sec,0.14979,0.00167,-0.0099356,-0.490375698324333,-0.00993559999754685,0
10.81 sec,0.14343,0.0015,-0.00996086,-0.491809496838886,-0.00996085999725721,0
10.82 sec,0.13551,0.00133,-0.0082937,-0.490485011165957,-0.00829369999792694,0
10.83 sec,0.12616,0.00115,-0.00826002,-0.491723287315854,-0.00826001999771801,0
10.84 sec,0.11554,0.00096,-0.00494254,-0.490584442035216,-0.00494253999849052,0
10.85 sec,0.10381,0.00077,-0.00326696,-0.491648529949964,-0.00326695999875498,0
10.86 sec,0.09116,0.00058,-0.00156612,-0.490655363849483,-0.00156611999954975,0
10.87 sec,0.080479999999997,0.000429999999999963,0,-0.491563081788186,3.89120159705048e-13,0
10.88 sec,0.06376,0.00022,0,-0.490700900379841,-1.72323093294846e-13,0
10.89 sec,0.04938,0,0,-0.49149501786284,1.09907742629201e-13,0
10.9 sec,0.03482,0,0,-0.490798765460265,-1.48994965670779e-13,0
10.91 sec,0.02024,0,0,-0.49143409930763,8.04547400923283e-14,0
10.92 sec,0,0,0,-0.490868651860138,-1.19543047336079e-13,0
10.93 sec,0,0,0,-0.491362905674038,5.10062912045806e-14,0
10.94 sec,0,0,0,-0.490939688184019,-9.00945984483315e-14,0
10.95 sec,0,0,0,-0.4912907561418,3.99634210272726e-14,0
10.96 sec,0,0,0,-0.490970806503148,-6.67820833355481e-14,0
10.97 sec,0,0,0,-0.491237709420255,4.38180308010017e-15,0
10.98 sec,0,0,0,-0.491053904149403,-4.8377426196955e-14,0
10.99 sec,0,0,0,-0.491188578408883,-7.88778764526654e-15,0
11 sec,0,0,0,-0.491085847091631,-3.73347728600815e-14,0
11.01 sec,0,0,-0.00011788,-0.491160935758838,-0.000117880000001008,0
11.02 sec,0,0,-0.0001263,-0.491099138053065,-0.000126299999994558,0
11.03 sec,0,0,-0.00177662,-0.491133088446784,-0.00177661999982825,0
11.04 sec,0,0,-0.0018018800000003,-0.491129191053406,-0.00180187999957574,0
11.05 sec,0,0,-0.00347746,-0.491129703198969,-0.00347745999940408,0
11.06 sec,0,0,-0.00511936,-0.491129617030665,-0.00511935999898576,0
11.07 sec,0,0,-0.00511094,-0.491129636327337,-0.00511093999873763,0
11.08 sec,0,0,-0.00508568,-0.4911296310526,-0.00508567999874144,0
11.09 sec,0,0.00021,-0.00671916,-0.491129632636745,-0.00671915999858191,0
11.1 sec,0,0.00038,-0.00671916,-0.491129632143583,-0.00671915999833419,0
11.11 sec,0,0.00055,-0.00667706,-0.491129632299046,-0.00667705999833842,0
11.12 sec,0,0.000700000000000037,-0.0066770599999997,-0.491129632249831,-0.00667705999834449,0
11.13 sec,0,0.00091,-0.00499306,-0.491129632265433,-0.0049930599985132,0
11.14 sec,0,0.00109,-0.00499306,-0.491129632260484,-0.00499305999876858,0
11.15 sec,0,0.00126,-0.00334274,-0.491129632262054,-0.0033427399989336,0
11.16 sec,0,0.00143,-0.00334274,-0.491129632261556,-0.00334273999918389,0
11.17 sec,0,0.00159,-0.00170084,-0.491129632261714,-0.00170083999934805,0
11.18 sec,0,0.00174,-0.00169242,-0.491129632261664,-0.00169241999959791,0
11.19 sec,0,0.00188,-0.00170926,-0.49112963226168,-0.00170925999959748,0
11.2 sec,0,0.00199000000000003,0,-0.491129632261675,2.3413562755259e-13,0
11.21 sec,0,0.00214,0,-0.491129632261676,-2.50760241564396e-14,0
11.22 sec,0,0.00225,-8.42e-05,-0.491129632261676,-8.42000000166394e-05,0
11.23 sec,0,0.00234,0,-0.491129632261676,-1.22988099739152e-14,0
11.24 sec,0,0.00243,0,-0.491129632261676,-2.50645858235199e-14,0
11.25 sec,0,0.0025,0,-0.491129632261676,-2.50655073953665e-14,0
11.26 sec,0.01458,0.00256,0,-0.491129632261676,-2.50650195043889e-14,0
11.27 sec,0.02063,0.00261,0,-0.491129632261676,-2.50652363448234e-14,0
11.28 sec,0.02618,0.00264,0,-0.491129632261676,-2.50651279246061e-14,0
11.29 sec,0.030230000000001,0.00266,0,-0.491129632261676,-2.50651821347148e-14,0
11.3 sec,0.03565,0.00268,0,-0.491129632261676,-2.50651279246061e-14,0
11.31 sec,0.03956,0.00268,0,-0.491129632261676,-2.50651821347148e-14,0
11.32 sec,0.04293,0.00267,0,-0.491129632261676,-2.50651821347148e-14,0
11.33 sec,0.04576,0.00264,0,-0.491129632261676,-2.50651821347148e-14,0
11.34 sec,0.04807,0.00261,0,-0.491129632261676,-2.50651821347148e-14,0
11.35 sec,0.04989,0.00257,0,-0.491129632261676,-2.50651821347148e-14,0
11.36 sec,0.05126,0.00252,0,-0.491129632261676,-2.50651821347148e-14,0
11.37 sec,0.0520400000000001,0.00246999999999998,-0.00169242,-0.491129632261676,-0.00169241999985582,0
11.38 sec,0.05277,0.00238,-0.00170084,-0.491129632261676,-0.00170083999959832,0
11.39 sec,0.053,0.0023,-0.00170084,-0.491129632261676,-0.00170083999959706,0
11.4 sec,0.05295,0.00221,-0.00170084,-0.491129632261676,-0.00170083999959705,0
11.41 sec,0.05266,0.0021,-0.00170084,-0.491129632261676,-0.00170083999959705,0
11.42 sec,0.05219,0.00199,-0.00335116,-0.491129632261676,-0.00335115999943202,0
11.43 sec,0.05158,0.00186,-0.00335116,-0.491129632261676,-0.00335115999918174,0
11.44 sec,0.05089,0.00172,-0.00335116,-0.491129632261676,-0.00335115999918176,0
11.45 sec,0.0502999999999998,0.00159999999999997,-0.00335958,-0.491129632261676,-0.00335957999918091,0
11.46 sec,0.04944,0.00141,-0.00335958,-0.491129632261676,-0.00335957999917963,0
11.47 sec,0.04877,0.00123,-0.00335958,-0.491129632261676,-0.00335957999917963,0
11.48 sec,0.0482,0.00104,-0.00171768,-0.491129632261676,-0.00171767999934382,0
11.49 sec,0.04777,0.00083,-0.00169242,-0.491129632261676,-0.00169241999959535,0
11.5 sec,0.0475,0.00061,-0.00169242,-0.491129632261676,-0.00169241999959917,0
11.51 sec,0.04744,0.00038,-0.00169242,-0.491129632261676,-0.00169241999959917,0
11.52 sec,0.04759,0.00013,-0.00169242,-0.491129632261676,-0.00169241999959917,0
11.53 sec,0.048,0,0,-0.491129632261676,2.31585584042904e-13,0
11.54 sec,0.0485100000000002,0,0,-0.491129632261676,-2.50779215102415e-14,0
11.55 sec,0.04961,0,0,-0.491129632261676,-2.50584600812453e-14,0
11.56 sec,0.05085,0,0,-0.491129632261676,-2.50687057917753e-14,0
11.57 sec,0.05238,0,0,-0.491129632261676,-2.50632847809129e-14,0
11.58 sec,0.0542,0,0,-0.491129632261676,-2.506615791667e-14,0
11.59 sec,0.05633,0,0,-0.491129632261676,-2.50646400336285e-14,0
11.6 sec,0.05874,0,0,-0.491129632261676,-2.50654531852579e-14,0
11.61 sec,0.06144,0,0,-0.491129632261676,-2.50650195043889e-14,0
11.62 sec,0.0638000000000007,0,0,-0.491129632261676,-2.50652363448234e-14,0
11.63 sec,0.06766,0,0,-0.491129632261676,-2.50651279246061e-14,0
11.64 sec,0.07115,0,0,-0.491129632261676,-2.50651821347148e-14,0
11.65 sec,0.07489,0,0,-0.491129632261676,-2.50651279246061e-14,0
11.66 sec,0.07886,0,0,-0.491129632261676,-2.50651821347148e-14,0
11.67 sec,0.08304,0,0,-0.491129632261676,-2.50651821347148e-14,0
11.68 sec,0.08742,0,0,-0.491129632261676,-2.50651821347148e-14,0
11.69 sec,0.09199,0,0,-0.491129632261676,-2.50651821347148e-14,0
11.7 sec,0.095780000000001,0,0,-0.491129632261676,-2.50651821347148e-14,0
11.71 sec,0.10165,0,0,-0.491129632261676,-2.50651821347148e-14,0
11.72 sec,0.10672,0,-0.00167558,-0.491129632261676,-0.00167557999985751,0
11.73 sec,0.11194,0,-0.00170084,-0.491129632261676,-0.00170083999960087,0
11.74 sec,0.11729,0,-0.00169242,-0.491129632261676,-0.0016924199995979,0
11.75 sec,0.12279,0,0,-0.491129632261676,2.31589920851594e-13,0
11.76 sec,0.12841,0,-0.00170084,-0.491129632261676,-0.001700839999855,0
11.77 sec,0.13416,0,-0.00170084,-0.491129632261676,-0.00170083999959703,0
11.78 sec,0.14005,0,0,-0.491129632261676,2.32852365861236e-13,0
11.79 sec,0.144850000000001,0,0,-0.491129632261676,-2.5072500499379e-14,0
11.8 sec,0.15222,0,0,-0.491129632261676,-2.50612790068938e-14,0
11.81 sec,0.15851,0,0,-0.491129632261676,-2.50672421188425e-14,0
11.82 sec,0.16494,0,0,-0.476166883917305,1.47121030635855e-12,0
11.83 sec,0.17153,0,0,-0.473271849555154,1.47108714099176e-12,0
11.84 sec,0.17827,0,0,-0.48136959736035,1.47114265214299e-12,0
11.85 sec,0.18517,0,0,-0.464397127187635,2.48140744063541e-12,0
11.86 sec,0.19224,0,0,-0.474411513914783,2.48124784607562e-12,0
11.87 sec,0.198020000000002,0,0,-0.399797598116404,8.54141757322679e-12,9.76818625986198e-15
11.88 sec,0.20691,0,0,-0.402699589860141,8.54048776144367e-12,0.05499
11.89 sec,0.21451,0,0,-0.420304597686418,8.54120940640968e-12,0.11881
11.9 sec,0.2223,0,0.01694712,-0.388476095348781,0.0169471200083429,0.12209
11.91 sec,0.23028,0,0.01694712,-0.410071471874343,0.0169471200057725,0.12356
11.92 sec,0.23845,0,0.01694712,-0.382670593606586,0.0169471200057733,0.12432
11.93 sec,0.24679,0,0.01694712,-0.333040295052949,0.0169471200151241,0.1252
11.94 sec,0.25531,0,0.01694712,-0.31701807215308,0.0169471200151259,0.14051
11.95 sec,0.262250000000002,0,0.0169471200000301,-0.297580418289203,0.0169471200151546,0.158270000000002
11.96 sec,0.27285,0,0.02259375,-0.171399056705201,0.0225937500303831,0.16816
11.97 sec,0.28184,0,0.02259375,-0.140168165695457,0.0225937500295268,0.17262
11.98 sec,0.29096,0.00039,0.02259375,-0.181710834719693,0.0225937500295263,0.17499
11.99 sec,0.3002,0.00078,0.163806495,-0.00483929134329986,0.163806495028873,0.17708
12 sec,0.30952,0.00115,0.163806495,-0.0263229926360896,0.163806495017411,0.18034
12.01 sec,0.31891,0.00149,0.186400245,-0.00142796235185583,0.18640024501219,0.1848
12.02 sec,0.32834,0.00182,0.186400245,0.0152589939438044,0.186400245014402,0.19153
12.03 sec,0.335890000000002,0.00206000000000005,0.186400245000013,0.0160991468986648,0.186400245012645,0.198660000000002
12.04 sec,0.345330000000002,0.00234000000000005,0.2259375,0.0938789387709141,0.225937500017389,0.209950000000003
12.05 sec,0.35659,0.00264,0.2242535,0.0981819205940148,0.224253500015721,0.22591
12.06 sec,0.3659,0.00286,0.24457704,0.129605661481991,0.244577040015259,0.23769
12.07 sec,0.37509,0.00306,0.24456862,0.128770161430888,0.244568620014168,0.24847
12.08 sec,0.38415,0.00322,0.261515055,0.187656562866693,0.261515055017697,0.25733
12.09 sec,0.39303,0.00336,0.261490125,0.178291914825541,0.261490125015756,0.26601
12.1 sec,0.40171,0.00348,0.28638812,0.243133621615724,0.286388120019328,0.27717
12.11 sec,0.41014,0.00357,0.2863797,0.248178527466126,0.28637970001853,0.28783
12.12 sec,0.416710000000002,0.00362000000000001,0.286388120000012,0.245006476287696,0.286388120016881,0.293370000000001
12.13 sec,0.4262,0.00368,0.31238355,0.29298142202867,0.31238355001939,0.30118
12.14 sec,0.43377,0.00371,0.321962745,0.335548173412827,0.321962745021287,0.3116
12.15 sec,0.44099,0.00372,0.33325962,0.359810187859234,0.333259620021005,0.32494
12.16 sec,0.44786,0.00372,0.35585337,0.387302682558227,0.355853370020557,0.34283
12.17 sec,0.45435,0.0037,0.35585337,0.400419827943142,0.355853370020093,0.36017
12.18 sec,0.46045,0.00367,0.372796875,0.427651040754936,0.372796875020207,0.36994
12.19 sec,0.46615,0.00363,0.389743995,0.459338674318847,0.389743995020771,0.37873
12.2 sec,0.470430000000001,0.00359999999999999,0.389743995000009,0.467323197607098,0.389743995019738,0.388660000000003
12.21 sec,0.47634,0.00354,0.412337745,0.524330988731422,0.412337745022612,0.40422
12.22 sec,0.48082,0.00348,0.412337745,0.508792485761166,0.412337745021063,0.41354
12.23 sec,0.48491,0.00343,0.440578125,0.574207194387181,0.440578125024095,0.42227
12.24 sec,0.4886,0.00337,0.440578125,0.540873661477564,0.440578125022233,0.43199
12.25 sec,0.49191,0.00332,0.46882212,0.588517035491871,0.468822120023914,0.44296
12.26 sec,0.49486,0.00327,0.46882212,0.573236104298047,0.468822120022112,0.45764
12.27 sec,0.49746,0.00322,0.480118995,0.593614635909739,0.480118995022946,0.47291
12.28 sec,0.49931,0.00317999999999999,0.49141587,0.613135931965689,0.491415870023791,0.482540000000002
12.29 sec,0.50133,0.00313999999999999,0.491415870000008,0.587332357665485,0.491415870022047,0.493400000000002
12.3 sec,0.50338,0.00309,0.51400962,0.645990551880695,0.514009620024504,0.50614
12.31 sec,0.50481,0.00306,0.51965625,0.650096074312492,0.519656250025534,0.51699
12.32 sec,0.506,0.00303,0.53660337,0.658304013829804,0.536603370026123,0.52979
12.33 sec,0.50698,0.003,0.559197117204014,0.694042140097568,0.559197117230938,0.5428
12.34 sec,0.50778,0.00298,0.559197117204014,0.668602631825326,0.559197117228863,0.55389
12.35 sec,0.50842,0.00297,0.5874375,0.737265102201236,0.587437500027906,0.56478
12.36 sec,0.50892,0.00295,0.5874375,0.701953955353659,0.587437500026007,0.57619
12.37 sec,0.50924,0.00294,0.61568148896633,0.74996211623915,0.615681488993596,0.586480000000004
12.38 sec,0.5096,0.00293,0.626978363855612,0.753469474741799,0.626978363882313,0.61012
12.39 sec,0.50982,0.00293,0.636638175,0.763277788446488,0.636638175026816,0.63194
12.4 sec,0.50997,0.00292,0.666515612969393,0.806178458684355,0.666515612997438,0.64679
12.41 sec,0.51008,0.00292,0.679488067765484,0.79506699652504,0.679488067791866,0.65984
12.42 sec,0.51015,0.00292,0.681800745,0.804035845755182,0.681800745025892,0.67382
12.43 sec,0.5102,0.00291,0.693075607459589,0.839776268367065,0.69307560748779,0.68643
12.44 sec,0.51022,0.00291,0.693050347459589,0.813498006702941,0.693050347486909,0.69623
12.45 sec,0.51024,0.00291,0.706056482255688,0.845509725853191,0.706056482284055,0.702660000000001
12.46 sec,0.51025,0.00291,0.73254549385225,0.891486435056425,0.732545493883197,0.70911
12.47 sec,0.51025,0.00291,0.7473450885269,0.881770402130487,0.747345088557149,0.71078
12.48 sec,0.51025,0.00291,0.755162145,0.900834466154232,0.755162145030485,0.71078
12.49 sec,0.51025,0.00291,0.783383214619219,0.925972377046392,0.783383214649697,0.71078
12.5 sec,0.51025,0.00291,0.79818280896626,0.919760596434787,0.798182808994633,0.71078
